traffic_volume,weather,speed,accident,congestion_level
1379,clear,54.1973,0,medium
1683,clear,48.2313,0,high
1214,fog,42.7131,0,medium
1850,snow,16.1047,0,high
579,clear,75.0821,0,low
1760,clear,56.3385,0,high
535,clear,83.6278,0,low
954,clear,72.0796,0,medium
723,clear,75.6069,0,medium
948,clear,76.0754,0,medium
578,clear,87.8438,0,low
557,rain,60.6366,0,low
319,clear,94.5923,0,low
804,fog,49.6512,0,medium
440,rain,74.5242,0,low
1154,rain,52.3028,0,medium
1029,clear,64.4244,0,medium
1463,clear,60.9133,0,high
1955,clear,37.5575,0,high
437,rain,70.0943,0,low
1504,clear,48.8334,0,high
123,clear,98.2414,0,low
965,fog,46.0828,0,medium
1363,clear,48.3231,0,medium
609,rain,63.8407,0,medium
288,clear,96.7777,1,low
851,clear,71.5209,0,medium
1951,fog,10.0,0,high
514,clear,78.2467,0,low
971,clear,74.4298,0,medium
1036,snow,33.9021,0,medium
1060,clear,71.7361,0,medium
400,clear,90.5276,0,low
1422,rain,36.7388,0,high
838,clear,79.0248,0,medium
646,clear,81.1019,0,medium
1073,clear,69.6112,0,medium
717,clear,68.9419,0,medium
1963,clear,36.9139,0,high
467,clear,79.5523,0,low
1362,clear,63.3892,0,medium
479,fog,66.2459,0,low
1447,fog,24.1126,0,high
1294,fog,36.4021,0,medium
1327,fog,38.8107,0,medium
704,snow,46.3452,0,medium
902,clear,76.2518,0,medium
513,clear,87.8863,0,low
1322,rain,46.7922,0,medium
942,clear,66.7628,0,medium
1147,rain,57.3539,0,medium
1171,clear,80.2001,0,medium
952,clear,71.3926,0,medium
1910,rain,34.5297,0,high
1408,clear,67.6034,0,high
239,clear,98.4655,0,low
699,clear,75.2077,0,medium
364,fog,62.3305,0,low
892,clear,68.487,0,medium
1461,clear,54.3296,0,high
954,rain,56.8506,0,medium
1483,rain,44.9471,0,high
1838,rain,25.7208,0,high
377,clear,88.5622,0,low
1028,snow,35.3375,0,medium
1393,clear,61.6907,0,medium
1677,snow,10.1174,1,high
678,clear,80.0833,0,medium
1075,fog,48.3942,0,medium
1849,clear,42.1559,0,high
1976,clear,36.6359,0,high
493,clear,80.4497,0,low
712,rain,63.638,0,medium
116,clear,93.6965,0,low
320,rain,85.4232,0,low
247,rain,76.3806,0,low
346,clear,94.942,0,low
233,clear,95.4189,0,low
919,clear,70.5424,0,medium
447,fog,59.6016,0,low
1422,clear,56.2738,0,high
863,rain,67.3814,0,medium
1457,clear,51.5665,0,high
1366,clear,52.0677,0,medium
182,fog,69.0089,0,low
108,clear,99.3614,0,low
583,clear,91.8659,0,low
1553,clear,50.866,0,high
1681,clear,47.3192,0,high
929,fog,44.1258,0,medium
1053,clear,69.5848,0,medium
1514,rain,40.5703,0,high
416,clear,99.1876,0,low
1935,clear,38.2496,0,high
237,clear,97.2439,0,low
1572,rain,39.0119,0,high
1749,clear,49.4643,0,high
1642,rain,38.2213,0,high
1528,rain,31.3999,0,high
1998,clear,47.42,0,high
1457,rain,41.4529,0,high
1294,clear,54.1774,0,medium
1816,clear,39.4358,0,high
641,rain,65.7988,0,medium
622,clear,85.0654,0,medium
241,fog,69.4697,0,low
1647,rain,33.3478,0,high
915,clear,68.1497,0,medium
1280,rain,47.0632,0,medium
931,clear,67.7749,0,medium
1801,clear,48.1492,0,high
1922,clear,41.1392,0,high
466,clear,85.8884,0,low
270,fog,69.8266,0,low
1106,fog,51.7142,0,medium
1426,clear,62.3289,0,high
1828,clear,44.4289,0,high
1568,rain,31.6712,0,high
402,clear,90.0595,0,low
669,clear,77.6959,0,medium
1333,clear,56.8482,0,medium
826,clear,76.7062,0,medium
1116,clear,64.608,0,medium
269,fog,63.7657,0,low
1771,clear,48.2693,0,high
1853,snow,10.0,0,high
1388,clear,54.4348,0,medium
1210,clear,55.4844,0,medium
816,snow,48.3896,0,medium
1329,rain,42.2466,0,medium
279,clear,89.4757,0,low
450,clear,82.1796,0,low
435,clear,80.3122,0,low
1056,rain,51.1718,0,medium
279,clear,86.7673,0,low
126,rain,82.3167,0,low
1669,clear,58.9524,0,high
633,clear,79.4895,0,medium
606,clear,91.5725,0,medium
1639,clear,54.8731,0,high
1401,rain,44.3137,0,high
286,clear,94.589,0,low
1468,clear,67.82,0,high
1717,rain,31.7497,0,high
833,clear,79.8501,0,medium
815,clear,74.5115,0,medium
514,clear,90.145,0,low
569,clear,80.2418,0,low
527,clear,76.967,0,low
1903,clear,48.2271,0,high
1521,fog,28.5933,0,high
325,fog,65.5033,0,low
1829,fog,10.4485,0,high
471,fog,55.1184,1,low
1599,fog,31.699,0,high
689,clear,80.0417,0,medium
877,clear,75.5207,0,medium
1947,rain,27.0821,0,high
727,fog,51.7478,0,medium
953,clear,69.821,0,medium
1787,rain,40.6478,0,high
812,fog,57.6682,0,medium
1871,clear,42.088,0,high
569,clear,72.6946,0,low
529,clear,80.0103,0,low
226,clear,100.2647,0,low
504,clear,93.4773,0,low
1639,clear,52.0022,0,high
462,snow,56.2463,1,low
962,clear,63.1344,0,medium
1689,clear,49.4353,0,high
1199,fog,50.1393,0,medium
1565,clear,64.878,0,high
774,fog,55.0361,1,medium
985,rain,57.7156,0,medium
1111,clear,74.3859,0,medium
170,clear,94.461,0,low
1471,rain,40.0902,0,high
1363,snow,23.6322,0,medium
1727,clear,48.9522,0,high
976,clear,73.9434,0,medium
298,clear,92.0846,0,low
1615,rain,38.6273,0,high
614,snow,55.1382,0,medium
210,rain,83.2401,0,low
249,clear,88.3166,0,low
1019,clear,68.0522,0,medium
1396,clear,61.0111,0,medium
1192,rain,49.3242,0,medium
1915,clear,42.713,0,high
1402,fog,28.9812,0,high
1669,clear,53.4819,0,high
786,clear,76.2156,0,medium
1079,fog,39.7824,0,medium
981,rain,60.6298,0,medium
371,rain,70.5022,1,low
1178,clear,57.5792,0,medium
1100,clear,69.7537,0,medium
1850,clear,49.9257,0,high
1807,clear,41.6131,0,high
1588,clear,52.8465,0,high
853,clear,77.1534,0,medium
1764,clear,42.2787,0,high
637,clear,81.3072,0,medium
423,clear,84.7475,0,low
792,rain,56.9773,0,medium
1305,rain,53.9216,0,medium
1204,clear,64.4191,0,medium
1150,clear,65.6277,0,medium
1801,fog,28.0015,0,high
1252,rain,48.5022,0,medium
1160,clear,66.7945,0,medium
394,rain,78.1217,1,low
471,fog,63.1092,0,low
1088,clear,70.755,0,medium
270,rain,74.2955,1,low
1220,rain,47.9596,0,medium
416,clear,93.9681,0,low
1283,clear,53.2675,0,medium
361,fog,55.0008,0,low
952,rain,61.3466,0,medium
132,rain,84.4776,0,low
286,snow,58.8789,1,low
709,rain,61.7975,0,medium
1464,clear,53.7348,0,high
1239,clear,57.5381,0,medium
328,clear,96.6612,0,low
1585,clear,62.2228,0,high
393,clear,87.6442,0,low
1698,fog,33.1823,0,high
1075,clear,74.508,0,medium
1385,clear,65.2999,0,medium
1643,fog,28.6805,0,high
1086,clear,60.5044,0,medium
1252,clear,68.8664,0,medium
1216,rain,58.1878,1,medium
1241,clear,62.7012,0,medium
1379,clear,64.6497,0,medium
1196,clear,66.9604,0,medium
1123,clear,67.0788,0,medium
226,rain,77.9748,0,low
1801,fog,10.0,0,high
1269,rain,51.5201,0,medium
1723,rain,41.0501,0,high
687,rain,66.0532,0,medium
1358,rain,53.2679,0,medium
1053,clear,70.8508,0,medium
523,clear,83.5822,0,low
434,fog,66.1211,1,low
1053,clear,69.0871,0,medium
388,rain,73.0799,0,low
826,clear,76.5326,0,medium
555,clear,89.1154,0,low
653,rain,57.2274,0,medium
904,rain,58.6141,0,medium
1843,clear,44.2909,0,high
1700,clear,49.1116,0,high
1444,clear,51.9178,0,high
949,clear,71.6637,0,medium
1521,clear,57.0763,0,high
378,clear,91.9585,0,low
1697,clear,54.9243,0,high
1613,fog,19.4462,0,high
998,clear,62.3695,0,medium
1660,clear,59.6227,0,high
270,clear,95.2278,0,low
1484,clear,50.0836,0,high
905,rain,59.7981,0,medium
255,clear,87.0774,0,low
1959,clear,51.6604,0,high
1074,clear,75.6533,0,medium
604,clear,88.8126,0,medium
1253,clear,56.4963,0,medium
919,rain,58.253,0,medium
1244,snow,27.4606,0,medium
1036,clear,68.8984,0,medium
694,clear,73.8724,0,medium
1794,fog,14.7132,0,high
565,clear,74.0044,0,low
1982,clear,40.2054,0,high
1307,rain,45.23,0,medium
1236,snow,30.5234,1,medium
110,clear,94.2002,0,low
518,clear,88.6714,1,low
248,fog,68.5252,0,low
512,fog,56.1378,0,low
1940,clear,54.9876,0,high
441,clear,90.8865,0,low
939,clear,73.0814,0,medium
1549,clear,59.5577,0,high
578,clear,77.6428,0,low
570,clear,80.2569,0,low
837,clear,73.4402,0,medium
1769,fog,27.8173,0,high
1469,clear,55.7171,0,high
612,clear,67.8455,0,medium
1448,rain,45.407,0,high
1659,clear,44.8481,0,high
207,rain,72.8806,0,low
1722,clear,43.8296,0,high
735,clear,75.8748,0,medium
888,clear,72.5392,0,medium
1207,rain,45.5364,0,medium
699,clear,82.0755,0,medium
1428,clear,59.7357,0,high
1820,fog,30.4202,0,high
1506,clear,63.7882,0,high
271,rain,77.6784,0,low
319,clear,87.0644,0,low
961,clear,72.2258,0,medium
621,clear,80.1658,0,medium
1209,clear,66.9505,0,medium
1018,clear,79.0341,0,medium
1773,clear,36.3735,0,high
1537,rain,30.2597,0,high
1940,rain,31.3886,0,high
770,rain,58.5488,0,medium
1252,clear,65.1102,0,medium
825,rain,62.2905,0,medium
1918,clear,45.2553,0,high
1157,rain,45.0519,0,medium
212,fog,66.3722,0,low
997,clear,75.0021,0,medium
883,clear,69.6911,0,medium
1063,clear,72.306,0,medium
1955,clear,36.1016,0,high
740,rain,70.1754,0,medium
1202,clear,63.4246,0,medium
661,rain,77.0495,0,medium
1122,clear,69.3121,0,medium
1203,rain,46.71,0,medium
655,fog,55.8849,0,medium
702,clear,77.7959,0,medium
1470,clear,55.0815,0,high
1557,fog,28.829,0,high
1716,clear,48.2297,0,high
1288,clear,56.3747,0,medium
1689,clear,51.4034,0,high
185,clear,92.9669,0,low
837,clear,68.5833,0,medium
497,clear,82.1852,0,low
1597,clear,48.8163,0,high
1321,rain,51.8732,0,medium
1566,clear,48.7112,0,high
1622,clear,53.8867,0,high
1504,clear,50.4037,0,high
691,clear,77.2195,0,medium
193,clear,93.6039,0,low
132,fog,79.5211,0,low
216,clear,90.6815,0,low
1076,rain,60.3987,0,medium
684,clear,81.0505,0,medium
1562,clear,54.7795,0,high
148,clear,95.3042,0,low
1373,clear,51.5348,0,medium
1593,clear,41.3807,0,high
317,clear,88.1984,0,low
1140,clear,67.9278,0,medium
1874,clear,48.5464,0,high
355,fog,65.6784,1,low
1816,rain,34.1449,0,high
327,clear,92.374,0,low
1349,clear,54.4856,0,medium
1790,clear,49.0336,0,high
986,rain,57.4448,0,medium
1361,clear,57.2335,0,medium
1802,clear,45.0418,0,high
1095,clear,64.2117,0,medium
1780,snow,12.4197,0,high
1864,rain,29.5173,0,high
370,clear,95.884,0,low
1724,fog,20.2326,0,high
1603,fog,23.3623,0,high
1751,clear,47.9797,0,high
1627,clear,54.9024,0,high
1188,rain,46.0719,0,medium
1976,clear,30.0457,0,high
1959,clear,37.3047,0,high
1937,rain,33.8221,0,high
1785,fog,21.5601,1,high
922,clear,61.0613,0,medium
857,snow,36.1445,0,medium
833,clear,69.5327,0,medium
590,snow,50.9147,0,low
419,fog,56.3042,0,low
666,clear,82.0761,0,medium
1006,rain,47.2559,0,medium
328,clear,87.688,0,low
472,clear,89.1104,0,low
1888,clear,43.1218,0,high
132,fog,81.6501,0,low
1022,clear,69.7298,0,medium
1560,rain,32.9447,0,high
409,fog,66.7966,0,low
1282,clear,57.7655,0,medium
1682,fog,21.9881,1,high
1236,rain,61.5351,0,medium
1409,fog,28.9921,0,high
737,clear,80.7456,0,medium
1995,clear,46.3825,0,high
292,snow,38.1671,0,low
802,clear,83.3163,0,medium
604,clear,86.8343,0,medium
231,clear,94.459,0,low
1316,rain,45.4689,0,medium
169,clear,89.4764,0,low
1065,clear,72.8444,0,medium
276,rain,80.4116,0,low
1356,clear,55.0361,0,medium
966,clear,64.5787,0,medium
1552,clear,48.8743,0,high
1551,rain,44.693,0,high
350,snow,55.7294,0,low
894,clear,72.8267,0,medium
1928,clear,47.5916,0,high
1413,fog,26.3787,0,high
1306,clear,63.4112,0,medium
1925,rain,29.4544,0,high
1303,clear,72.4563,0,medium
853,rain,59.3714,0,medium
932,clear,75.7146,0,medium
357,rain,73.2699,0,low
259,clear,93.9405,0,low
177,rain,78.6524,0,low
1528,rain,43.4065,0,high
202,clear,100.9812,0,low
635,fog,55.1163,0,medium
448,fog,70.7656,0,low
119,clear,104.8959,0,low
954,rain,53.7777,0,medium
1755,fog,16.5477,1,high
1996,clear,36.5962,0,high
1504,clear,61.6302,0,high
572,clear,80.1031,0,low
1219,clear,59.6009,0,medium
1799,rain,36.0202,0,high
1449,clear,58.041,0,high
624,clear,72.0767,0,medium
1270,fog,41.7292,0,medium
433,fog,54.0476,0,low
770,clear,76.4497,0,medium
1033,clear,67.5312,0,medium
1276,rain,37.0726,0,medium
1600,clear,54.7096,0,high
1121,snow,31.5894,0,medium
1711,clear,51.8389,0,high
782,clear,82.3908,0,medium
1090,clear,71.7046,0,medium
1743,clear,44.8329,0,high
1987,fog,10.0,0,high
1800,rain,34.7093,1,high
1791,rain,35.1482,0,high
1832,clear,40.8297,0,high
563,clear,81.7373,0,low
1476,clear,57.266,0,high
1378,clear,51.7014,0,medium
1749,clear,50.9873,0,high
428,rain,64.5215,0,low
1402,clear,55.7793,0,high
1461,clear,60.0337,0,high
975,clear,59.7043,0,medium
1206,fog,45.1414,1,medium
1515,fog,38.06,0,high
911,clear,73.1313,0,medium
408,rain,73.6953,0,low
1927,rain,29.9341,0,high
1397,clear,52.3993,0,medium
1302,rain,49.8944,0,medium
1424,fog,31.8434,0,high
1989,fog,17.0357,0,high
1988,clear,42.9486,0,high
528,clear,93.805,0,low
447,snow,51.9644,1,low
1463,clear,63.2442,0,high
370,clear,89.3232,0,low
1092,rain,56.9855,0,medium
1997,rain,25.2087,0,high
297,snow,46.4886,0,low
499,clear,83.5031,0,low
1776,rain,23.0693,0,high
1554,fog,30.5154,0,high
1928,clear,42.5601,0,high
1525,clear,59.2264,0,high
874,clear,69.1082,0,medium
570,clear,88.0175,0,low
754,fog,41.9968,0,medium
769,clear,69.2849,0,medium
791,clear,67.6589,0,medium
992,clear,69.4181,0,medium
539,rain,63.6457,0,low
233,clear,92.4036,1,low
239,rain,76.8645,0,low
574,clear,89.9568,0,low
767,rain,58.3754,0,medium
848,clear,74.6337,0,medium
603,clear,87.3507,0,medium
1521,fog,31.9348,0,high
1926,clear,44.9341,0,high
1182,clear,70.007,0,medium
950,fog,55.1721,0,medium
1594,rain,39.7692,0,high
720,fog,48.0725,0,medium
1894,snow,10.0,0,high
1652,fog,25.7305,0,high
1342,fog,37.5445,0,medium
1035,clear,75.2222,0,medium
1334,clear,60.3565,0,medium
653,rain,70.3283,0,medium
1794,fog,22.8011,0,high
280,clear,86.9224,0,low
838,clear,76.1585,0,medium
209,clear,91.5266,0,low
1518,fog,28.8024,0,high
1026,clear,65.9774,0,medium
989,clear,75.6005,0,medium
1683,clear,51.9665,0,high
588,clear,84.9213,0,low
466,clear,87.3591,0,low
1135,clear,65.5764,0,medium
948,snow,37.1725,0,medium
138,clear,92.6969,0,low
536,clear,93.235,0,low
122,fog,66.6219,0,low
242,clear,97.1574,0,low
1807,clear,46.0019,0,high
1459,clear,64.1605,0,high
1997,clear,30.3158,0,high
1399,fog,32.1804,0,medium
1030,snow,36.6597,0,medium
1346,fog,36.0509,0,medium
1565,clear,56.3285,0,high
1183,fog,45.5044,0,medium
581,snow,49.2598,0,low
804,rain,63.0359,0,medium
501,clear,94.8667,0,low
1231,fog,47.4861,0,medium
1580,fog,27.532,0,high
1060,clear,55.7179,0,medium
1876,fog,17.3101,0,high
799,clear,86.3022,0,medium
845,clear,75.5153,0,medium
831,snow,43.579,0,medium
1619,rain,41.579,0,high
1002,clear,66.3524,0,medium
1094,clear,56.3522,0,medium
1904,clear,49.7342,0,high
726,fog,52.2624,0,medium
296,fog,62.7137,0,low
1633,rain,34.3563,0,high
595,fog,49.1185,0,low
1618,clear,55.2626,0,high
1900,fog,22.6601,0,high
1494,snow,31.0676,0,high
1058,clear,65.5972,0,medium
851,clear,74.9995,0,medium
657,clear,83.5501,0,medium
1386,clear,61.8338,0,medium
1218,clear,62.2442,0,medium
1307,clear,51.8913,0,medium
1459,clear,56.0784,0,high
105,clear,93.6312,0,low
779,clear,72.4096,0,medium
1544,rain,37.1155,0,high
1788,fog,16.2012,0,high
1204,clear,59.3478,0,medium
527,clear,85.9183,0,low
383,fog,58.3894,0,low
913,clear,80.6124,0,medium
112,rain,87.4307,0,low
1936,snow,13.8794,1,high
1223,clear,63.2864,0,medium
1323,fog,45.0111,0,medium
1770,rain,40.1239,0,high
895,clear,73.8335,0,medium
1340,clear,56.2898,0,medium
1620,rain,33.9793,0,high
1873,clear,35.0332,0,high
136,fog,68.0896,0,low
124,fog,62.6776,0,low
1592,clear,52.3606,0,high
1449,fog,32.5826,0,high
845,clear,75.9535,0,medium
128,clear,102.5564,0,low
528,rain,67.4137,0,low
479,rain,68.0015,0,low
845,clear,75.804,0,medium
147,rain,81.2326,0,low
1679,rain,29.4434,0,high
962,clear,75.5532,0,medium
1278,clear,65.1894,0,medium
1407,snow,29.3581,1,high
935,clear,72.7009,0,medium
1131,clear,63.3858,0,medium
1334,rain,52.0866,0,medium
1118,snow,36.2728,1,medium
1926,rain,26.8679,0,high
1856,fog,15.6647,0,high
1472,clear,55.9001,0,high
917,fog,43.6711,0,medium
1423,clear,56.1136,0,high
1971,rain,27.3925,0,high
736,fog,63.5347,0,medium
1746,fog,21.0658,0,high
221,snow,56.9381,1,low
1527,clear,43.611,0,high
1989,clear,47.5038,0,high
1756,clear,46.3783,0,high
979,clear,73.4699,0,medium
1676,clear,53.3681,0,high
379,clear,83.8319,0,low
915,clear,70.5204,0,medium
1523,clear,51.3289,0,high
655,rain,63.8149,0,medium
1562,clear,54.233,0,high
1228,rain,48.1271,0,medium
726,rain,59.2474,0,medium
841,fog,45.6667,0,medium
711,rain,69.7558,0,medium
961,rain,50.1325,0,medium
1401,clear,63.002,0,high
234,rain,83.2906,0,low
1070,clear,75.7685,0,medium
483,clear,82.7804,0,low
1044,rain,51.9076,0,medium
789,clear,82.9355,0,medium
607,clear,86.4551,0,medium
650,fog,46.4422,0,medium
1645,clear,54.8388,0,high
219,clear,88.977,0,low
1824,rain,35.062,0,high
1278,clear,66.563,0,medium
1368,clear,59.1395,0,medium
1255,clear,68.1686,0,medium
1049,rain,56.2894,0,medium
774,clear,69.3091,0,medium
352,fog,59.759,0,low
756,clear,83.241,0,medium
190,clear,99.1058,0,low
1056,clear,69.8782,0,medium
351,clear,89.0597,0,low
1955,clear,41.1329,0,high
672,clear,71.3894,0,medium
1171,rain,47.15,0,medium
129,rain,73.0109,0,low
1031,clear,74.418,0,medium
274,rain,78.3277,0,low
1081,fog,41.8246,0,medium
252,snow,63.6607,1,low
1436,clear,57.2442,0,high
1372,clear,65.4635,0,medium
461,clear,81.1134,0,low
732,rain,62.6108,0,medium
827,snow,43.8692,0,medium
1383,fog,31.127,0,medium
585,rain,67.2303,0,low
1812,clear,36.7434,0,high
385,clear,82.966,0,low
1238,snow,26.8041,0,medium
1559,rain,28.7717,0,high
225,clear,98.0433,0,low
1498,clear,56.4666,0,high
1811,clear,47.9655,0,high
312,rain,69.1496,0,low
1318,rain,41.7427,0,medium
685,clear,88.5086,0,medium
646,rain,63.4453,0,medium
389,clear,84.6178,0,low
591,rain,70.057,0,low
1220,clear,66.853,0,medium
824,snow,49.2846,0,medium
1415,clear,51.3615,0,high
303,clear,101.1023,0,low
1926,clear,35.0984,0,high
1970,clear,41.7743,0,high
1911,clear,41.3304,0,high
630,clear,86.3118,0,medium
114,rain,79.5293,0,low
1052,clear,68.3837,0,medium
190,rain,78.8696,0,low
244,clear,94.6482,0,low
1769,rain,29.5242,0,high
1959,rain,16.734,0,high
1066,clear,63.3109,0,medium
598,clear,75.5465,0,low
611,rain,57.5157,0,medium
1509,rain,37.1765,0,high
465,clear,76.1925,0,low
927,clear,69.7996,0,medium
162,clear,105.2154,0,low
370,rain,78.1966,1,low
1775,clear,59.3292,0,high
790,clear,78.0507,0,medium
1498,clear,55.3827,0,high
1148,clear,70.3185,0,medium
749,rain,63.2476,0,medium
1266,fog,42.6368,0,medium
1790,clear,39.5614,0,high
1740,clear,48.4828,0,high
758,clear,76.0625,0,medium
1886,clear,37.7212,0,high
593,clear,84.6057,0,low
699,clear,74.4634,0,medium
419,clear,94.8847,0,low
1071,rain,47.5894,0,medium
1539,clear,55.8239,0,high
1351,rain,41.9856,0,medium
313,rain,78.5852,0,low
700,fog,56.8149,0,medium
227,fog,70.8563,1,low
662,clear,74.7411,0,medium
1659,rain,32.1643,0,high
569,clear,88.1673,0,low
1932,snow,16.1738,0,high
471,clear,86.9596,0,low
1742,clear,60.1093,0,high
1516,fog,31.3097,0,high
1880,snow,12.6437,0,high
151,rain,86.1655,1,low
548,clear,82.1058,0,low
606,clear,81.4753,0,medium
468,rain,68.5061,1,low
860,clear,68.1691,0,medium
1834,clear,38.6216,0,high
1269,clear,60.4454,0,medium
1862,fog,19.9607,0,high
792,clear,72.6785,0,medium
323,clear,87.0332,0,low
1138,clear,65.2424,0,medium
410,clear,87.2486,0,low
768,rain,60.0805,0,medium
209,clear,94.3958,0,low
1967,snow,10.0,0,high
1615,clear,49.2272,0,high
1346,snow,21.3215,0,medium
998,fog,49.2386,0,medium
243,clear,94.1094,0,low
279,clear,99.7754,0,low
506,rain,64.0572,1,low
893,rain,59.8493,0,medium
536,clear,77.2917,0,low
997,snow,40.2533,0,medium
520,clear,81.5671,0,low
145,fog,75.8479,0,low
1906,rain,23.0177,0,high
132,clear,95.2273,0,low
660,clear,80.7038,0,medium
509,snow,54.389,0,low
727,clear,75.0851,0,medium
296,clear,96.4675,0,low
1479,clear,52.1868,0,high
958,clear,75.9934,0,medium
1547,clear,49.8607,0,high
670,clear,80.9943,0,medium
467,clear,80.7088,0,low
1134,rain,44.0623,0,medium
554,clear,80.289,0,low
591,clear,80.8612,0,low
136,clear,104.1768,1,low
751,clear,79.2243,0,medium
1225,clear,54.9098,0,medium
712,clear,77.1474,0,medium
1364,snow,25.0412,0,medium
1409,rain,42.2961,0,high
848,clear,81.0451,0,medium
1689,clear,51.4444,0,high
675,clear,77.5304,0,medium
1010,clear,67.0276,0,medium
783,clear,81.0265,0,medium
1418,fog,22.6801,0,high
851,clear,84.7785,0,medium
1481,clear,56.0158,0,high
907,clear,70.5424,0,medium
1894,clear,46.5305,0,high
697,rain,63.8375,0,medium
499,clear,90.5089,0,low
244,clear,92.4467,0,low
1748,clear,51.1385,0,high
789,clear,82.2359,0,medium
891,rain,68.0013,0,medium
1704,clear,45.7027,0,high
720,snow,41.2109,0,medium
1101,snow,28.471,1,medium
462,clear,88.2462,0,low
1205,clear,64.135,0,medium
296,clear,75.9685,0,low
358,rain,69.1462,0,low
1944,clear,38.7938,0,high
776,clear,90.6085,0,medium
1411,rain,38.6073,1,high
1151,rain,47.6541,0,medium
137,clear,98.2926,0,low
990,clear,59.631,0,medium
568,fog,61.3736,0,low
412,snow,58.115,1,low
1735,fog,24.9479,0,high
1225,fog,37.5939,0,medium
571,clear,79.709,0,low
679,clear,77.9767,0,medium
666,fog,53.6271,0,medium
650,fog,61.3838,0,medium
1484,snow,29.3498,1,high
644,clear,80.0543,0,medium
1784,clear,39.2877,0,high
1463,clear,54.3924,0,high
1012,clear,68.68,0,medium
518,fog,59.7755,0,low
1608,rain,33.6662,0,high
1007,clear,85.2247,1,medium
1560,snow,14.1147,1,high
1194,fog,45.5958,0,medium
912,fog,44.7149,0,medium
1420,clear,53.3298,0,high
1024,clear,76.3899,0,medium
766,clear,76.344,0,medium
1952,clear,40.7516,0,high
1975,clear,36.4599,0,high
515,clear,87.9402,0,low
683,rain,58.3541,0,medium
1440,clear,56.6678,0,high
366,clear,87.1579,0,low
1135,snow,25.26,1,medium
1464,clear,60.8716,0,high
328,clear,95.0885,0,low
1926,clear,48.8409,0,high
529,clear,87.9268,0,low
1862,clear,37.7674,0,high
986,rain,49.4378,0,medium
1094,rain,56.1696,0,medium
1276,fog,39.971,0,medium
784,clear,73.386,0,medium
407,rain,65.8955,0,low
1743,rain,28.403,0,high
728,clear,76.5034,0,medium
1560,clear,52.6003,0,high
625,clear,83.9455,0,medium
1418,clear,58.7471,0,high
1070,rain,51.6396,0,medium
1477,clear,58.8512,0,high
1224,clear,67.3806,0,medium
720,clear,69.1666,0,medium
1102,clear,75.1193,0,medium
1067,clear,70.3705,0,medium
569,fog,53.467,0,low
1609,fog,29.2109,0,high
833,clear,72.426,0,medium
1156,clear,60.2243,0,medium
1792,rain,30.4473,0,high
1205,clear,64.8094,0,medium
1655,clear,49.8834,0,high
1662,clear,43.8765,0,high
1936,fog,16.9767,0,high
1415,fog,27.3191,0,high
781,rain,66.55,0,medium
911,clear,75.4481,0,medium
1345,rain,49.3111,0,medium
259,clear,97.3722,0,low
1943,fog,17.8143,0,high
940,clear,77.103,0,medium
1833,clear,52.3765,0,high
424,clear,87.4021,0,low
1351,rain,35.4277,0,medium
1167,clear,69.4403,0,medium
1858,snow,10.9801,0,high
1119,clear,65.8104,0,medium
176,fog,69.0002,0,low
1049,clear,67.1312,0,medium
624,fog,52.7927,0,medium
1901,clear,34.8332,0,high
1180,fog,29.5358,0,medium
1642,rain,34.0466,0,high
764,rain,49.1526,0,medium
188,fog,63.1721,0,low
1829,clear,41.0136,0,high
857,rain,59.8502,0,medium
964,clear,81.4944,0,medium
498,clear,86.9207,0,low
843,rain,65.094,0,medium
736,rain,63.485,0,medium
1955,clear,42.5168,0,high
1507,rain,46.0971,0,high
1905,clear,45.7327,0,high
1342,rain,46.5195,0,medium
627,rain,75.5306,0,medium
490,rain,70.5136,0,low
1616,clear,55.5522,0,high
1310,clear,58.4091,0,medium
1772,clear,49.087,0,high
1608,fog,21.9655,0,high
695,snow,41.4845,0,medium
191,clear,93.5952,0,low
411,snow,67.0855,1,low
1313,clear,63.0883,0,medium
1192,clear,54.0451,0,medium
478,clear,82.8455,0,low
1281,rain,48.4819,0,medium
325,clear,84.748,0,low
1533,snow,19.9873,1,high
1435,clear,53.0081,0,high
114,clear,87.6245,0,low
250,clear,82.0567,0,low
1375,clear,56.6798,0,medium
1961,clear,43.8253,0,high
1515,clear,59.9163,0,high
352,clear,88.2458,0,low
1125,rain,56.4324,0,medium
1018,clear,66.5932,0,medium
893,clear,71.3426,1,medium
1703,clear,50.0304,0,high
177,clear,95.1614,0,low
1213,fog,34.9544,0,medium
541,clear,92.4883,0,low
1747,fog,19.7583,1,high
1928,clear,41.6118,0,high
1170,clear,64.3271,0,medium
1635,rain,37.8335,0,high
1900,clear,42.8535,0,high
610,clear,75.9611,0,medium
1769,clear,43.3079,0,high
1957,clear,37.5635,0,high
1539,clear,50.4572,0,high
492,rain,65.3438,0,low
824,rain,55.1467,0,medium
102,clear,100.6605,0,low
1270,rain,47.989,0,medium
989,clear,74.2481,0,medium
515,clear,79.3014,0,low
1168,rain,58.5625,0,medium
1083,clear,72.9237,0,medium
848,clear,69.5583,0,medium
1266,clear,66.8373,0,medium
1767,fog,22.0204,0,high
1825,clear,42.3106,1,high
596,clear,80.3328,0,low
428,clear,84.9237,0,low
990,clear,71.5163,0,medium
1770,rain,26.7569,0,high
1436,clear,62.7578,0,high
1687,rain,34.7676,0,high
1588,rain,39.8307,0,high
228,clear,90.4543,0,low
1742,rain,35.0139,0,high
549,clear,93.8508,0,low
1959,rain,18.1485,0,high
192,clear,93.4795,0,low
1916,fog,20.1866,0,high
677,clear,75.6092,0,medium
1653,clear,59.3729,0,high
1720,rain,30.5497,0,high
1024,rain,58.9318,0,medium
1147,clear,64.4926,0,medium
647,rain,68.9139,0,medium
438,rain,66.4063,0,low
817,fog,55.6415,0,medium
1342,rain,49.453,0,medium
1074,rain,49.8939,0,medium
1060,rain,54.8568,0,medium
1116,clear,64.3689,0,medium
1156,clear,59.0802,0,medium
443,clear,84.7218,0,low
826,rain,59.6851,0,medium
1053,clear,69.1914,0,medium
777,fog,54.4103,1,medium
1132,clear,68.5358,0,medium
1941,clear,40.1966,0,high
647,clear,86.2801,0,medium
1545,clear,57.8406,0,high
1358,clear,57.543,0,medium
1408,clear,54.6882,0,high
689,clear,84.9115,0,medium
221,clear,99.5772,0,low
1383,clear,59.0834,0,medium
1435,clear,59.1584,0,high
1008,clear,64.7073,0,medium
829,clear,71.2079,0,medium
1909,clear,39.0432,0,high
490,clear,90.138,0,low
481,rain,62.4517,1,low
360,clear,95.2472,0,low
959,fog,50.3873,0,medium
688,clear,71.445,0,medium
1308,clear,62.232,0,medium
510,rain,70.7897,0,low
1135,clear,74.9402,0,medium
1583,clear,57.0661,0,high
719,rain,60.6347,0,medium
483,clear,80.1689,0,low
623,clear,76.4704,0,medium
1988,clear,44.1311,0,high
1306,rain,44.4229,0,medium
1369,clear,56.3402,0,medium
706,rain,65.6026,0,medium
451,clear,81.8466,0,low
1791,fog,23.5019,0,high
1789,fog,10.0,0,high
1779,clear,42.0513,0,high
151,clear,105.7941,0,low
440,clear,93.3695,0,low
1939,fog,10.2485,0,high
246,rain,78.981,0,low
851,clear,70.3963,0,medium
1240,clear,56.4253,0,medium
983,snow,40.2377,1,medium
327,fog,68.7365,0,low
904,clear,62.5445,0,medium
679,fog,61.1885,0,medium
1316,rain,41.1843,0,medium
489,rain,68.7415,0,low
605,clear,87.4658,0,medium
244,clear,87.1358,0,low
297,fog,62.6676,1,low
806,clear,74.81,0,medium
1222,clear,64.7662,0,medium
1130,rain,50.8542,0,medium
1054,rain,51.8445,0,medium
267,clear,95.9842,0,low
1817,rain,27.3712,0,high
1608,clear,48.8321,0,high
771,fog,54.9068,0,medium
213,clear,94.6597,1,low
1234,rain,44.6018,0,medium
949,rain,60.3807,0,medium
246,rain,70.2164,0,low
1934,clear,40.5726,0,high
1656,clear,43.573,0,high
1883,clear,45.0423,0,high
1138,clear,69.0949,0,medium
1845,clear,48.1959,0,high
1452,clear,57.8411,0,high
1258,clear,71.2913,0,medium
1000,clear,74.9262,0,medium
1775,rain,23.4983,0,high
1844,rain,23.8741,0,high
1876,clear,32.6577,0,high
1707,rain,26.1371,0,high
587,rain,63.8912,0,low
1850,clear,37.364,0,high
518,clear,84.6241,0,low
1493,clear,60.218,0,high
559,clear,87.1699,0,low
1246,rain,51.0256,0,medium
526,rain,64.1535,0,low
247,clear,94.1807,0,low
264,clear,76.588,0,low
187,rain,78.2548,0,low
1299,rain,46.6246,0,medium
1498,clear,54.8605,0,high
1455,fog,37.3897,0,high
702,clear,75.7754,0,medium
622,clear,88.892,0,medium
567,clear,75.5405,0,low
721,clear,78.4734,0,medium
328,clear,95.2858,0,low
1699,snow,10.0,0,high
291,clear,92.6533,0,low
1604,clear,56.4796,0,high
172,clear,99.8272,0,low
1407,rain,40.5103,0,high
1577,rain,34.0087,0,high
158,clear,96.6856,0,low
307,rain,73.3333,0,low
680,clear,79.3689,0,medium
875,rain,52.7665,0,medium
1473,clear,55.1199,0,high
1170,fog,37.8585,0,medium
227,clear,98.195,0,low
629,clear,77.4235,0,medium
198,clear,99.9541,0,low
1711,fog,17.7052,0,high
889,rain,58.0312,0,medium
1661,rain,41.1336,0,high
1616,clear,52.3177,0,high
256,clear,83.416,0,low
1988,clear,41.7912,0,high
138,fog,69.9362,0,low
879,fog,52.2152,0,medium
689,clear,72.9695,0,medium
1283,rain,40.6587,0,medium
1323,clear,55.8566,0,medium
485,clear,87.5447,0,low
1506,clear,55.2892,0,high
881,clear,65.4641,0,medium
848,clear,81.543,0,medium
835,clear,68.203,0,medium
1523,fog,28.5898,0,high
687,rain,57.1208,0,medium
283,fog,64.5371,0,low
1014,clear,58.6355,0,medium
370,clear,85.2888,0,low
1626,rain,35.1192,0,high
107,clear,91.8462,0,low
529,rain,72.6307,0,low
1182,snow,28.1386,0,medium
1991,clear,39.9525,0,high
693,snow,44.9604,1,medium
1782,clear,44.7839,0,high
1583,fog,23.9276,0,high
270,clear,95.5844,0,low
233,snow,68.5096,1,low
374,fog,65.3485,0,low
214,clear,99.1087,0,low
1854,rain,27.5476,0,high
1618,rain,34.2199,0,high
1618,clear,47.2686,0,high
1134,clear,71.3134,0,medium
1237,fog,37.2798,0,medium
1557,snow,15.922,1,high
1687,clear,49.4915,0,high
1602,clear,59.1468,0,high
404,clear,80.8728,0,low
1341,fog,39.9887,0,medium
1048,clear,68.5712,0,medium
240,clear,93.6353,1,low
1860,clear,46.5042,0,high
1434,rain,42.5954,0,high
215,fog,65.0812,0,low
735,snow,39.185,0,medium
416,fog,61.4907,0,low
1837,fog,21.7161,1,high
614,snow,43.3428,0,medium
1534,rain,38.6415,0,high
275,clear,85.8786,0,low
1496,fog,24.8284,0,high
1259,snow,19.8298,0,medium
649,snow,45.5161,1,medium
1212,clear,65.8731,0,medium
166,clear,95.1707,0,low
1250,clear,59.6147,0,medium
506,fog,61.1103,0,low
1683,clear,46.1767,0,high
882,rain,67.957,0,medium
1936,clear,36.3079,0,high
1931,rain,22.1892,0,high
1509,clear,56.3847,0,high
1794,rain,31.3586,0,high
1115,rain,49.7628,0,medium
1574,fog,35.1073,0,high
1580,clear,55.2542,0,high
922,clear,61.8153,0,medium
1010,clear,72.3642,0,medium
1587,clear,53.0037,0,high
769,clear,85.4503,0,medium
1024,clear,60.484,0,medium
775,clear,77.2656,0,medium
129,snow,60.5482,1,low
584,fog,57.4244,0,low
1233,fog,43.0549,0,medium
1294,clear,66.213,0,medium
627,clear,83.3424,0,medium
658,clear,74.2818,0,medium
1174,clear,70.5202,0,medium
141,clear,96.1591,0,low
104,rain,82.4431,0,low
1225,clear,68.4261,0,medium
219,snow,66.9671,0,low
1891,rain,30.0396,0,high
654,clear,82.9993,0,medium
1008,clear,66.9154,0,medium
415,clear,86.9716,0,low
1146,fog,44.0391,1,medium
500,rain,72.6302,0,low
480,clear,87.3703,0,low
603,rain,61.1287,0,medium
1488,clear,52.4526,0,high
1001,clear,69.0511,0,medium
1157,fog,36.3301,0,medium
105,clear,98.2885,0,low
561,clear,69.2221,0,low
275,rain,76.0628,0,low
1042,fog,50.139,0,medium
1309,rain,45.2099,0,medium
1550,snow,26.1272,0,high
1703,snow,12.7717,0,high
848,clear,72.9799,0,medium
1075,clear,66.6552,0,medium
1264,clear,61.0546,0,medium
1947,clear,40.0641,0,high
861,fog,42.5226,0,medium
388,clear,87.121,0,low
1587,clear,44.7111,0,high
1449,fog,32.9349,0,high
1897,rain,28.4245,0,high
174,fog,68.1475,0,low
1029,clear,76.0229,0,medium
1948,clear,38.5384,0,high
757,clear,82.6938,0,medium
1962,fog,15.0261,0,high
220,clear,96.6095,0,low
982,rain,51.5343,0,medium
1531,clear,52.2069,0,high
977,clear,79.6406,0,medium
1505,snow,21.0026,0,high
884,clear,69.6924,0,medium
892,clear,68.9921,0,medium
1352,fog,28.3988,0,medium
1540,fog,26.3567,0,high
1480,clear,65.7307,0,high
1549,clear,55.6312,0,high
800,clear,79.3089,1,medium
1578,clear,58.6546,0,high
711,fog,57.1269,0,medium
1262,fog,29.6288,0,medium
565,clear,85.3525,0,low
1952,rain,26.0448,0,high
1640,clear,58.2736,0,high
1391,snow,26.1099,0,medium
1833,rain,31.3518,0,high
1469,clear,50.9214,0,high
942,rain,65.6813,0,medium
785,clear,83.5314,0,medium
1027,clear,64.6588,0,medium
1359,clear,61.8,0,medium
213,fog,57.3617,0,low
1838,clear,44.2418,0,high
1969,rain,27.1116,0,high
1237,clear,61.3441,0,medium
1808,clear,50.7896,0,high
1568,clear,67.9467,0,high
1067,clear,62.826,0,medium
459,clear,85.6386,0,low
657,fog,54.91,0,medium
1222,clear,71.0035,0,medium
521,clear,88.4133,0,low
443,rain,79.6361,0,low
866,fog,50.6301,0,medium
574,clear,80.367,0,low
470,clear,83.8767,0,low
1622,clear,50.4703,0,high
1914,snow,10.0,0,high
758,clear,78.3974,0,medium
1240,fog,36.4334,0,medium
1878,clear,44.9798,0,high
587,snow,48.1163,1,low
820,fog,45.2932,1,medium
314,clear,91.5734,0,low
1060,clear,68.8566,0,medium
884,rain,59.9821,0,medium
1162,clear,73.0733,0,medium
563,fog,56.5403,1,low
1886,clear,42.9461,0,high
1167,clear,60.338,0,medium
284,fog,76.0032,0,low
1131,clear,53.66,0,medium
1138,rain,43.8456,0,medium
1003,rain,59.1138,0,medium
1161,clear,71.4317,0,medium
1601,rain,34.3496,0,high
1311,clear,61.4067,0,medium
1461,clear,62.0012,0,high
1896,clear,34.7,0,high
1414,clear,54.6576,0,high
1742,fog,24.419,0,high
534,clear,90.2661,0,low
705,clear,78.0232,0,medium
968,clear,71.2177,0,medium
1754,clear,51.1507,0,high
785,clear,77.3266,0,medium
1337,rain,37.8618,0,medium
1643,clear,54.1082,0,high
190,clear,97.3231,0,low
958,clear,72.4829,0,medium
1191,snow,28.0747,0,medium
1927,clear,41.741,0,high
1056,clear,70.3916,0,medium
1582,clear,50.2263,0,high
470,clear,90.712,0,low
672,clear,71.0372,0,medium
266,rain,72.3025,0,low
322,clear,79.5703,0,low
698,clear,78.7462,0,medium
667,rain,69.3673,0,medium
160,clear,88.1046,0,low
1390,fog,29.0952,0,medium
1966,rain,23.595,0,high
1179,clear,71.21,0,medium
405,fog,66.0857,0,low
1376,clear,65.0382,0,medium
932,clear,74.6002,0,medium
1611,clear,53.6405,0,high
922,clear,73.9986,0,medium
936,rain,49.4733,0,medium
1510,fog,39.3645,0,high
1418,clear,52.9746,0,high
516,snow,48.6479,0,low
410,clear,78.9799,0,low
252,rain,78.9631,0,low
1348,rain,59.2289,0,medium
184,clear,91.6184,0,low
356,clear,96.1898,0,low
1590,fog,29.4711,0,high
1785,clear,49.2962,0,high
1329,fog,36.2976,0,medium
1473,clear,64.4003,0,high
1565,clear,48.7427,0,high
1030,clear,66.456,0,medium
1748,rain,26.9048,0,high
471,clear,89.5015,0,low
1214,clear,61.4722,0,medium
540,snow,53.5985,0,low
1610,clear,50.2423,0,high
833,clear,66.0649,0,medium
509,clear,78.6584,0,low
1886,clear,50.4932,0,high
1399,clear,58.5649,0,medium
1536,clear,46.0165,0,high
1092,clear,73.2579,0,medium
1850,fog,21.1744,1,high
1013,rain,48.4832,0,medium
818,clear,75.5575,0,medium
1757,rain,30.9535,0,high
1908,clear,46.0894,0,high
1484,clear,51.2065,0,high
1586,clear,58.35,0,high
798,clear,85.0152,0,medium
1516,clear,52.5717,0,high
1320,clear,60.9265,0,medium
352,clear,90.8757,0,low
612,clear,82.6628,0,medium
351,rain,74.9126,0,low
692,clear,82.6666,0,medium
997,clear,75.2097,0,medium
699,clear,80.653,0,medium
602,clear,83.1343,0,medium
1297,clear,61.9501,0,medium
1097,snow,37.6165,0,medium
1243,fog,38.3457,0,medium
1555,rain,27.7565,0,high
321,clear,93.463,0,low
312,clear,93.0591,0,low
585,clear,79.7481,0,low
1781,rain,30.1806,1,high
887,fog,55.0079,0,medium
892,rain,55.9781,0,medium
997,clear,69.9173,1,medium
569,fog,56.7753,0,low
1259,clear,60.4134,0,medium
1427,rain,45.4023,0,high
541,clear,76.6116,0,low
730,clear,81.3515,0,medium
412,clear,84.0932,0,low
1106,clear,67.8077,0,medium
1350,clear,52.8205,0,medium
1084,clear,65.264,0,medium
513,fog,57.59,0,low
455,clear,86.6764,0,low
985,clear,65.6768,0,medium
131,clear,96.9193,0,low
176,rain,78.9185,0,low
1945,clear,42.3365,0,high
1344,clear,52.3011,0,medium
111,clear,88.4613,0,low
1724,rain,42.9952,0,high
1524,rain,42.5673,1,high
1775,fog,23.4206,1,high
1326,rain,42.6983,0,medium
637,fog,47.9473,0,medium
1677,clear,49.3674,0,high
1914,snow,16.7902,0,high
327,clear,87.355,0,low
528,clear,92.3657,0,low
576,clear,80.8023,0,low
658,fog,58.6148,0,medium
1941,clear,39.4522,0,high
952,rain,52.7021,0,medium
1036,clear,71.0624,0,medium
147,snow,56.0498,0,low
1728,fog,13.6199,0,high
1377,rain,43.5834,0,medium
1276,clear,60.4866,0,medium
1855,clear,33.5384,0,high
1918,clear,46.5832,0,high
1320,fog,46.0091,0,medium
1818,clear,43.8568,0,high
1438,fog,29.1374,0,high
1484,clear,60.9736,0,high
1045,rain,51.8026,0,medium
359,snow,52.9178,1,low
1206,fog,20.028,0,medium
1931,clear,49.2359,0,high
1894,clear,46.5574,0,high
296,fog,61.1783,0,low
214,clear,85.8994,0,low
1471,clear,50.2508,0,high
338,clear,86.8638,0,low
780,clear,75.7993,0,medium
1832,clear,47.1297,0,high
1309,rain,42.2738,0,medium
1635,fog,19.8883,0,high
1580,fog,33.6544,0,high
1941,fog,12.8802,0,high
121,clear,93.2254,0,low
1551,clear,61.3681,0,high
792,clear,75.9459,0,medium
738,clear,72.5403,0,medium
1943,clear,34.5315,0,high
1285,clear,59.5458,0,medium
864,clear,78.4139,0,medium
1214,fog,35.525,0,medium
1802,clear,40.6826,0,high
1914,clear,37.3651,0,high
1508,rain,43.4524,0,high
1919,clear,37.5348,0,high
1312,clear,58.7614,0,medium
1539,clear,59.4745,0,high
1045,clear,72.937,0,medium
1533,rain,39.2212,0,high
826,clear,72.0571,0,medium
205,snow,63.1552,0,low
1515,clear,58.6577,1,high
828,clear,67.8716,0,medium
640,fog,51.4949,0,medium
959,clear,73.1007,0,medium
1047,fog,40.3412,0,medium
1949,rain,21.1638,0,high
295,clear,100.4619,0,low
1099,snow,25.753,0,medium
686,rain,63.105,0,medium
1472,clear,55.117,0,high
654,clear,71.5088,0,medium
858,clear,73.0572,0,medium
1686,clear,51.9322,0,high
1103,clear,76.3053,0,medium
1030,clear,62.2511,0,medium
641,clear,88.5681,0,medium
1982,clear,43.9714,0,high
974,rain,56.1723,0,medium
369,fog,68.367,0,low
815,rain,59.6218,0,medium
324,rain,77.38,0,low
923,clear,79.955,0,medium
467,clear,91.1784,0,low
559,clear,90.7901,0,low
125,fog,75.9806,0,low
940,clear,62.6236,0,medium
554,clear,89.6804,0,low
169,clear,98.185,0,low
815,clear,79.7267,0,medium
238,clear,90.2899,0,low
1762,rain,26.4635,0,high
383,snow,53.8006,0,low
274,clear,87.9488,0,low
1646,clear,52.4407,0,high
1122,rain,42.1896,0,medium
125,clear,95.6121,0,low
1905,rain,20.1687,0,high
1508,clear,50.6161,0,high
1669,clear,48.6447,0,high
1498,clear,48.4077,0,high
502,clear,77.2741,0,low
759,clear,75.9638,0,medium
1061,rain,56.4456,0,medium
1132,clear,72.4554,0,medium
1169,rain,54.3096,0,medium
1059,clear,65.3141,0,medium
421,clear,93.7044,0,low
1407,rain,49.6154,0,high
1926,clear,41.0704,0,high
1901,snow,10.4192,0,high
1358,clear,54.1168,0,medium
1940,clear,37.2989,0,high
1146,clear,62.0332,0,medium
1954,rain,18.4132,0,high
1714,clear,47.9891,0,high
1827,rain,34.076,0,high
516,clear,96.543,0,low
1087,clear,64.8422,0,medium
1516,clear,65.3109,0,high
261,fog,70.1876,0,low
681,clear,85.0232,0,medium
1365,fog,32.6347,0,medium
1215,rain,43.7621,0,medium
1167,clear,65.3967,0,medium
1892,fog,24.5223,0,high
270,clear,96.2617,0,low
1405,fog,33.8365,0,high
1357,fog,27.3675,0,medium
1463,clear,56.1207,0,high
660,rain,62.1767,0,medium
995,clear,64.6929,0,medium
1160,fog,54.1829,0,medium
1743,fog,23.268,0,high
1259,clear,54.8777,0,medium
679,snow,40.2462,0,medium
870,clear,75.3387,0,medium
1186,clear,71.2529,0,medium
1625,rain,39.8234,0,high
372,clear,98.9653,0,low
810,clear,79.4978,0,medium
1940,clear,49.6918,0,high
1823,clear,42.439,0,high
448,rain,74.2352,0,low
1091,rain,49.6621,0,medium
1425,fog,21.0567,0,high
495,snow,46.2506,1,low
504,clear,83.2525,0,low
1640,fog,10.8879,0,high
1126,fog,42.6279,0,medium
548,clear,83.2842,0,low
151,rain,75.2687,1,low
1932,clear,41.14,0,high
718,fog,62.6321,0,medium
1338,clear,64.7269,0,medium
1803,rain,29.1931,0,high
1512,rain,38.7242,0,high
285,clear,105.0284,0,low
534,rain,69.8641,0,low
931,rain,48.404,0,medium
148,fog,84.1876,0,low
1047,clear,74.9913,0,medium
453,clear,86.8368,0,low
927,clear,72.648,0,medium
1355,clear,65.6635,0,medium
1421,clear,60.3276,0,high
367,clear,98.5142,0,low
240,clear,92.8623,0,low
1883,clear,50.0793,0,high
693,fog,50.0759,0,medium
953,snow,33.6874,0,medium
322,clear,85.582,0,low
1456,clear,49.6534,0,high
214,rain,78.9288,0,low
1545,clear,56.008,0,high
1461,clear,59.6867,0,high
432,clear,81.477,0,low
594,clear,84.4987,0,low
500,rain,75.4197,0,low
1471,clear,55.4396,0,high
1792,rain,34.583,0,high
1134,clear,70.089,0,medium
1900,clear,47.5071,0,high
1893,clear,51.4824,0,high
559,clear,91.2232,0,low
448,rain,72.7644,0,low
1265,rain,45.0324,0,medium
415,clear,91.7689,0,low
786,rain,53.329,0,medium
540,rain,71.1868,0,low
602,clear,80.5735,0,medium
628,clear,86.1706,0,medium
628,rain,70.4239,0,medium
170,clear,90.1411,0,low
180,rain,82.3919,0,low
976,clear,74.2105,0,medium
475,clear,88.5826,0,low
1329,clear,58.5832,0,medium
512,fog,51.6861,0,low
1657,fog,26.0439,0,high
1311,clear,60.8879,0,medium
1726,fog,21.47,0,high
1884,clear,49.1677,0,high
1957,clear,36.5969,0,high
1067,clear,61.3893,0,medium
1067,clear,75.3636,0,medium
765,fog,41.3615,0,medium
750,clear,79.6916,0,medium
1811,fog,28.5062,1,high
1967,clear,43.0655,0,high
570,fog,57.9897,0,low
1267,clear,58.5187,0,medium
1149,rain,50.8425,0,medium
870,clear,61.8811,0,medium
1466,rain,41.0282,0,high
1874,clear,44.8313,0,high
647,clear,80.6319,0,medium
1060,clear,65.9862,0,medium
1783,clear,45.7961,0,high
309,clear,89.9571,0,low
1584,rain,39.7177,0,high
1773,clear,44.6641,0,high
831,fog,57.8167,1,medium
913,rain,58.1222,0,medium
1406,fog,38.2137,0,high
302,fog,64.0798,1,low
1635,rain,36.8571,0,high
1062,clear,69.782,0,medium
436,clear,85.8438,0,low
944,fog,44.9807,0,medium
1144,clear,64.2081,0,medium
1757,fog,28.7136,0,high
703,clear,78.9591,0,medium
1242,clear,55.5476,0,medium
1564,fog,23.6046,0,high
1881,clear,39.9023,0,high
993,rain,49.7383,0,medium
304,rain,70.0839,0,low
1412,rain,37.5568,0,high
1428,clear,55.3016,0,high
1007,fog,48.0419,0,medium
1327,rain,52.5538,0,medium
478,fog,60.104,0,low
638,clear,84.303,0,medium
1636,clear,47.1049,0,high
338,clear,95.8859,0,low
298,rain,73.341,0,low
1828,snow,12.64,0,high
790,fog,56.1603,0,medium
1698,clear,43.7019,0,high
1160,clear,65.2715,0,medium
1338,clear,60.8547,0,medium
404,clear,78.8931,0,low
299,clear,77.8048,0,low
1254,clear,59.5653,0,medium
894,clear,74.1885,0,medium
1881,clear,41.8138,0,high
970,clear,81.9518,0,medium
1795,clear,42.2851,0,high
1679,clear,48.1191,0,high
1611,snow,19.7982,0,high
174,clear,95.2613,0,low
624,clear,93.191,0,medium
1018,clear,73.5891,0,medium
1503,fog,29.3053,0,high
643,snow,49.1439,0,medium
987,clear,65.6814,0,medium
641,clear,74.1317,0,medium
464,clear,84.5979,0,low
1628,rain,31.8633,0,high
1145,rain,43.8255,0,medium
607,fog,56.6723,0,medium
1191,clear,65.8077,0,medium
1120,clear,63.4253,0,medium
1473,clear,65.1518,0,high
1009,rain,52.7975,0,medium
1384,clear,51.7444,0,medium
1150,clear,56.5873,0,medium
298,clear,85.4409,0,low
310,clear,86.7344,0,low
363,clear,85.8775,0,low
768,rain,60.6611,0,medium
399,snow,47.52,0,low
1308,rain,39.7307,0,medium
1224,clear,60.0118,0,medium
1223,rain,50.1452,0,medium
1161,snow,29.51,0,medium
1321,fog,34.5094,0,medium
788,clear,69.2706,0,medium
1566,fog,21.0817,0,high
200,clear,99.5599,1,low
578,fog,53.936,0,low
1438,fog,32.7501,0,high
818,fog,54.8,0,medium
632,clear,84.1536,0,medium
1113,clear,61.6425,0,medium
734,rain,63.0715,0,medium
553,snow,47.9084,0,low
131,rain,79.284,0,low
924,clear,76.8156,0,medium
671,fog,53.1769,0,medium
915,fog,55.5741,0,medium
1671,clear,52.0376,0,high
780,fog,39.4851,0,medium
1693,clear,47.9895,0,high
1887,rain,23.7096,0,high
252,clear,95.2587,0,low
891,clear,68.2308,0,medium
1646,rain,36.0449,0,high
910,snow,32.7875,0,medium
931,fog,44.3731,0,medium
667,fog,70.9105,0,medium
1779,rain,29.4917,0,high
654,clear,81.7854,0,medium
395,clear,89.5959,0,low
783,clear,84.5963,0,medium
425,clear,88.3693,0,low
285,clear,92.3621,0,low
400,clear,91.848,1,low
108,fog,70.8961,0,low
1122,rain,42.2068,0,medium
432,snow,52.4645,1,low
476,clear,83.5599,0,low
374,rain,76.0305,0,low
1848,clear,36.2867,0,high
859,clear,73.2476,0,medium
544,clear,86.9759,0,low
1970,clear,46.4059,0,high
826,rain,60.7821,0,medium
1088,rain,54.6973,0,medium
429,clear,87.5352,0,low
1580,clear,55.0246,0,high
1216,clear,66.9995,0,medium
1551,clear,57.2111,0,high
101,clear,100.8193,0,low
1047,clear,73.6032,0,medium
1881,clear,39.5765,0,high
1075,clear,68.8588,0,medium
287,fog,68.5987,0,low
160,fog,75.6054,0,low
1228,clear,66.706,0,medium
580,rain,63.7241,0,low
764,rain,53.6239,0,medium
718,clear,81.1118,0,medium
1716,clear,38.8477,0,high
651,clear,81.1496,0,medium
1405,clear,46.1575,0,high
150,clear,102.8523,1,low
265,clear,86.7133,0,low
139,rain,87.4846,0,low
886,clear,67.057,0,medium
741,clear,74.2917,0,medium
145,clear,106.1886,0,low
938,clear,81.076,0,medium
951,clear,67.0215,0,medium
510,rain,62.8007,0,low
646,clear,92.4944,0,medium
1407,clear,57.9062,0,high
1560,snow,23.9968,1,high
1914,snow,15.3187,1,high
246,rain,77.0666,0,low
1829,clear,54.0877,0,high
1946,clear,48.3225,0,high
1261,clear,61.8684,0,medium
1940,clear,34.6319,0,high
126,rain,83.1581,0,low
1725,clear,45.9158,0,high
1111,rain,52.8564,0,medium
1421,rain,38.0721,0,high
1025,clear,66.9958,0,medium
280,clear,93.2065,0,low
1816,fog,20.0652,0,high
1046,clear,63.2378,0,medium
1741,clear,45.9597,0,high
351,clear,88.8459,0,low
1400,fog,41.8038,0,medium
261,clear,91.2229,0,low
503,clear,80.1518,0,low
1878,clear,47.6315,0,high
1043,fog,43.3238,0,medium
1298,clear,64.0461,0,medium
1986,clear,42.0485,0,high
1376,clear,53.1739,0,medium
544,clear,79.6515,0,low
380,rain,75.748,0,low
1181,clear,70.0538,0,medium
1520,clear,55.0437,0,high
1879,clear,46.2459,0,high
1144,clear,65.0712,0,medium
399,clear,85.9772,0,low
363,clear,84.2603,0,low
596,fog,56.8663,0,low
508,clear,84.556,0,low
936,clear,78.0986,0,medium
272,clear,93.375,1,low
764,clear,76.2148,0,medium
1717,snow,10.0,0,high
884,fog,51.1731,0,medium
1701,clear,43.3378,0,high
1857,clear,44.8501,0,high
1173,fog,42.8076,0,medium
697,clear,70.6842,0,medium
391,clear,83.6695,0,low
105,clear,101.9491,1,low
1320,clear,72.8316,0,medium
933,clear,65.277,0,medium
1251,clear,63.1164,0,medium
992,clear,74.1394,0,medium
1777,clear,35.5239,0,high
278,clear,95.3908,0,low
1470,rain,44.8196,0,high
1773,rain,33.5078,0,high
1492,rain,39.6978,0,high
1076,clear,69.5471,0,medium
101,rain,78.7054,0,low
1038,rain,52.7461,0,medium
1405,clear,52.733,0,high
1103,clear,65.6444,0,medium
1044,clear,73.6851,0,medium
1945,clear,51.5772,0,high
344,clear,88.131,0,low
1214,clear,69.872,0,medium
1925,fog,10.7531,0,high
1572,snow,11.8039,0,high
1943,clear,37.9182,0,high
1940,clear,47.2561,0,high
1757,clear,52.9812,0,high
1675,clear,48.9108,0,high
1894,clear,37.9082,0,high
702,clear,77.437,0,medium
119,clear,94.5959,0,low
1805,clear,47.6704,0,high
635,rain,61.3443,0,medium
1287,fog,35.0129,0,medium
1640,clear,59.4205,0,high
498,clear,96.6034,0,low
1100,clear,66.8721,0,medium
1470,clear,61.8333,0,high
1278,clear,63.9019,0,medium
1680,clear,41.0061,0,high
1752,clear,44.6096,0,high
1065,rain,52.8086,0,medium
1447,rain,44.9335,0,high
1442,clear,57.3511,0,high
357,clear,99.6797,0,low
1848,clear,43.9083,0,high
1458,clear,58.075,0,high
902,clear,80.94,0,medium
1350,clear,59.0603,0,medium
326,clear,90.9979,0,low
432,clear,84.0655,0,low
1119,fog,43.1742,0,medium
624,clear,75.6294,0,medium
1148,clear,62.3454,0,medium
1866,clear,55.1374,0,high
1370,clear,61.1165,0,medium
963,clear,61.4995,0,medium
1763,clear,51.2853,0,high
396,clear,94.5872,0,low
1224,fog,37.4219,1,medium
666,clear,77.3511,0,medium
1860,rain,29.3089,0,high
1892,rain,32.2916,0,high
1967,clear,37.129,0,high
323,clear,88.8205,0,low
397,rain,69.7544,0,low
659,clear,80.0128,0,medium
1378,clear,50.1759,0,medium
1476,clear,54.2071,0,high
391,rain,78.6683,0,low
189,rain,80.1238,0,low
579,clear,84.0286,0,low
489,clear,82.5526,0,low
1890,clear,40.4909,0,high
583,clear,88.7566,0,low
812,fog,54.5165,0,medium
307,clear,92.7469,0,low
663,clear,78.2589,0,medium
167,clear,94.4158,0,low
1344,clear,60.4674,0,medium
351,clear,89.933,0,low
1578,rain,39.7928,0,high
529,fog,56.1188,0,low
588,rain,63.8554,0,low
1392,fog,31.7387,0,medium
805,clear,66.9841,0,medium
184,clear,90.24,0,low
861,fog,45.7482,0,medium
1044,clear,67.4239,0,medium
1128,rain,50.6318,0,medium
487,clear,84.1801,0,low
1889,clear,37.8513,0,high
1900,rain,18.4657,0,high
515,clear,82.2841,0,low
793,fog,44.5976,0,medium
855,clear,76.628,0,medium
861,rain,61.2368,0,medium
1210,snow,29.3074,0,medium
1439,fog,35.1062,0,high
528,clear,78.7502,0,low
119,clear,91.1974,0,low
1107,clear,66.2019,0,medium
1172,clear,72.2425,0,medium
1022,clear,71.0634,0,medium
1088,rain,50.8571,0,medium
992,clear,61.5723,0,medium
1722,clear,36.3519,0,high
1363,clear,58.6533,0,medium
405,clear,82.5003,0,low
1355,rain,40.6714,0,medium
1536,fog,27.5797,1,high
306,rain,73.3238,0,low
1668,clear,57.9754,0,high
1245,rain,49.0661,0,medium
1667,fog,22.3658,0,high
478,rain,70.8558,0,low
606,clear,82.6895,0,medium
793,clear,69.3427,0,medium
843,fog,47.5677,0,medium
1550,clear,50.1015,0,high
1466,clear,51.0331,0,high
1606,clear,47.9614,0,high
1229,clear,64.4914,0,medium
1940,clear,39.3885,0,high
178,clear,80.8601,0,low
1062,rain,50.9433,0,medium
1853,rain,30.2287,0,high
742,clear,75.904,0,medium
783,clear,67.8833,0,medium
1932,clear,42.3827,0,high
1292,clear,58.7311,0,medium
256,clear,90.5129,0,low
1983,clear,33.8233,0,high
1265,rain,43.7686,0,medium
843,clear,77.5188,0,medium
1434,fog,32.2232,0,high
1839,clear,38.7349,0,high
1031,rain,50.1839,0,medium
1710,clear,52.9657,0,high
1955,clear,38.3177,0,high
1975,snow,10.0,0,high
1474,snow,25.3636,0,high
1361,snow,29.0507,0,medium
1063,rain,49.3481,0,medium
643,clear,90.6202,0,medium
748,clear,73.3617,0,medium
401,clear,94.3603,0,low
546,clear,84.0593,0,low
558,clear,88.8099,0,low
1251,fog,41.7348,0,medium
957,rain,60.8796,0,medium
793,clear,80.7986,0,medium
1746,rain,31.8783,0,high
1168,clear,66.4725,0,medium
709,clear,82.4702,0,medium
1045,rain,42.3421,0,medium
222,rain,77.7882,0,low
1960,clear,33.963,0,high
641,rain,67.7134,0,medium
1959,rain,23.8164,0,high
140,clear,98.1943,0,low
708,clear,78.7098,0,medium
1927,snow,10.0,0,high
1615,clear,54.4572,0,high
482,rain,76.9992,0,low
574,clear,84.8061,0,low
1565,fog,31.0054,0,high
1477,rain,33.4996,0,high
862,rain,60.2037,0,medium
1811,rain,30.0106,0,high
601,fog,56.3912,0,medium
1404,fog,30.2631,0,high
215,clear,96.9421,0,low
409,clear,86.2593,0,low
378,clear,95.36,0,low
752,fog,60.002,0,medium
483,clear,80.8416,0,low
1421,clear,50.9729,0,high
339,clear,89.8057,0,low
386,fog,51.6622,1,low
1344,fog,28.6993,0,medium
791,clear,81.5381,0,medium
762,clear,79.5039,0,medium
1850,snow,10.0,0,high
794,clear,84.2819,0,medium
656,fog,59.6535,0,medium
1544,rain,36.4263,0,high
1280,clear,63.6827,0,medium
720,rain,66.2738,0,medium
1839,clear,39.1784,0,high
323,clear,90.824,0,low
1824,rain,31.893,0,high
1875,fog,28.0728,0,high
420,clear,88.0501,0,low
758,clear,80.4085,0,medium
1083,clear,60.8307,0,medium
779,fog,47.182,0,medium
956,fog,53.0125,0,medium
286,fog,65.4941,0,low
524,clear,83.7713,0,low
1770,rain,22.6943,0,high
381,rain,67.6762,0,low
501,clear,88.2524,0,low
1256,clear,64.1637,0,medium
1881,fog,18.8469,0,high
1614,clear,52.1772,0,high
1927,clear,39.8327,0,high
1920,clear,46.9699,0,high
286,rain,70.3962,0,low
363,clear,89.2092,0,low
823,clear,74.5015,0,medium
333,rain,79.2438,0,low
1535,clear,54.8398,0,high
336,rain,81.0925,0,low
1462,clear,55.5327,0,high
305,clear,85.6468,0,low
921,rain,53.3153,0,medium
728,fog,54.792,0,medium
606,rain,66.1265,0,medium
1739,clear,50.5032,0,high
148,clear,97.1296,0,low
823,clear,69.6911,0,medium
283,fog,69.1952,0,low
1964,clear,43.6165,0,high
1722,fog,19.832,0,high
1256,clear,67.3036,0,medium
1075,clear,62.5275,0,medium
1405,fog,24.872,0,high
1464,clear,56.4872,0,high
1536,rain,41.957,1,high
356,clear,85.2371,0,low
562,clear,85.3487,0,low
1925,clear,43.0544,0,high
1945,rain,35.3687,0,high
1356,rain,49.4497,0,medium
1415,clear,60.6127,0,high
483,clear,82.2552,0,low
1710,rain,32.0848,0,high
1486,rain,36.2483,0,high
1434,clear,57.8743,0,high
337,clear,95.359,0,low
797,clear,83.3618,0,medium
489,clear,77.7154,0,low
1787,snow,10.0,0,high
1502,clear,54.883,0,high
270,clear,87.1075,0,low
1712,clear,48.4968,0,high
1601,clear,55.5598,0,high
194,snow,59.2699,0,low
850,clear,68.442,0,medium
396,rain,80.1983,0,low
508,clear,89.9689,0,low
1799,clear,51.608,0,high
1050,clear,68.3814,0,medium
1119,rain,57.8242,0,medium
168,clear,96.3331,0,low
854,clear,66.6948,0,medium
1903,clear,49.2856,0,high
1913,clear,38.4963,0,high
1040,clear,64.9215,0,medium
1592,fog,29.0446,0,high
862,clear,78.4327,0,medium
1085,clear,58.6293,0,medium
958,rain,56.3337,0,medium
539,clear,83.6313,0,low
632,rain,64.3401,1,medium
1223,clear,70.9533,0,medium
138,clear,92.9249,0,low
1466,clear,55.0693,0,high
1597,snow,11.2312,1,high
473,clear,86.3425,0,low
1368,clear,62.5294,0,medium
209,clear,91.6339,0,low
727,fog,55.7289,0,medium
1815,clear,35.2498,0,high
1992,clear,41.0262,0,high
1792,clear,52.4335,0,high
135,rain,79.5597,1,low
1694,clear,56.6027,0,high
948,rain,48.4604,0,medium
1644,clear,50.4552,0,high
1063,fog,39.6169,0,medium
643,rain,71.5755,0,medium
114,clear,88.7653,0,low
1157,clear,63.4087,0,medium
1781,clear,37.4122,0,high
1366,fog,35.743,0,medium
614,rain,70.6073,0,medium
1782,fog,18.2613,0,high
383,rain,75.9202,0,low
878,rain,58.2013,0,medium
1943,rain,24.4712,0,high
1028,rain,52.8764,0,medium
128,clear,97.4468,1,low
1586,rain,25.9546,0,high
695,clear,82.2684,0,medium
818,rain,55.8792,0,medium
1962,rain,26.3102,0,high
1728,clear,45.5779,0,high
282,clear,95.6945,0,low
1301,clear,58.3519,0,medium
1012,snow,40.957,1,medium
1151,clear,68.0846,0,medium
1398,rain,46.3262,0,medium
832,clear,62.8783,0,medium
1130,clear,71.0465,0,medium
388,fog,63.0996,1,low
861,clear,76.5253,0,medium
1352,rain,55.5449,0,medium
1389,fog,30.6707,0,medium
1506,fog,25.4584,0,high
1500,fog,33.4109,0,high
190,rain,71.9536,0,low
742,clear,78.9638,0,medium
332,clear,89.0511,0,low
886,clear,73.2007,0,medium
1701,clear,48.176,0,high
1788,clear,42.9848,0,high
1643,clear,46.4499,0,high
1246,fog,34.4157,0,medium
416,clear,88.8776,0,low
344,clear,88.2872,0,low
639,rain,61.8042,0,medium
1731,fog,24.0435,0,high
643,fog,57.5233,0,medium
742,rain,61.8635,0,medium
935,clear,72.4123,0,medium
1538,clear,46.1585,0,high
1962,fog,16.0259,0,high
508,clear,83.2928,0,low
613,clear,75.4292,0,medium
1672,fog,23.0918,1,high
1276,snow,32.4237,0,medium
519,clear,75.8971,0,low
129,snow,52.2958,0,low
207,fog,64.5973,0,low
302,clear,87.6452,0,low
456,clear,89.4297,0,low
508,rain,73.3479,0,low
710,clear,85.8426,0,medium
146,fog,68.385,0,low
734,rain,58.9069,0,medium
1631,clear,41.8319,0,high
1191,clear,60.3721,0,medium
1256,clear,67.754,0,medium
437,rain,74.0877,0,low
1815,clear,40.5119,0,high
457,clear,87.2686,0,low
1325,clear,59.6713,0,medium
607,clear,87.3728,0,medium
181,clear,99.1761,0,low
1987,clear,43.6809,0,high
383,clear,83.5807,0,low
849,rain,49.6468,0,medium
1417,clear,53.4932,0,high
898,clear,82.626,0,medium
850,clear,78.2164,0,medium
1753,fog,23.8472,0,high
1227,clear,66.9141,0,medium
459,fog,71.0077,0,low
595,clear,83.7155,0,low
1050,clear,75.1607,0,medium
324,clear,96.5162,0,low
521,rain,63.6105,0,low
1943,rain,28.0882,0,high
1313,rain,43.1132,0,medium
1817,rain,36.2436,0,high
811,clear,71.0911,0,medium
544,clear,85.6393,0,low
1579,clear,43.8258,0,high
691,fog,57.5881,0,medium
986,rain,55.2118,0,medium
1394,clear,48.7386,0,medium
485,clear,79.9768,0,low
1988,clear,50.2324,0,high
1862,fog,22.2419,0,high
1885,clear,39.2765,0,high
1137,snow,31.3219,1,medium
292,rain,72.689,0,low
1634,clear,51.7912,0,high
105,clear,98.3992,0,low
902,clear,70.7913,0,medium
1211,clear,62.5037,0,medium
1560,clear,55.4021,0,high
1392,snow,30.1002,0,medium
1514,snow,14.5198,0,high
1692,clear,51.1019,0,high
1126,snow,20.2743,0,medium
620,fog,62.1696,0,medium
582,rain,66.0341,0,low
1064,clear,67.5389,0,medium
103,fog,64.4381,0,low
1345,clear,62.2455,0,medium
1717,snow,10.0,0,high
874,fog,43.9779,0,medium
250,clear,92.4563,0,low
1047,rain,56.12,0,medium
1128,clear,67.3539,0,medium
108,rain,88.5082,0,low
791,fog,58.4551,0,medium
1268,fog,40.2655,0,medium
1409,clear,58.2081,0,high
508,snow,44.952,0,low
1043,clear,63.1998,0,medium
144,clear,98.0334,0,low
1750,clear,53.9645,0,high
1419,clear,50.9983,0,high
1151,clear,69.7019,0,medium
1592,fog,28.1537,0,high
1294,clear,57.3198,0,medium
1249,snow,27.692,0,medium
1170,clear,63.6139,0,medium
1824,clear,39.191,0,high
1886,clear,41.3251,0,high
1448,clear,56.0136,0,high
1540,clear,55.3118,0,high
1656,clear,44.699,0,high
831,clear,76.3813,0,medium
425,rain,75.3944,1,low
200,fog,66.8857,0,low
1298,clear,60.9465,0,medium
500,clear,92.5869,0,low
377,rain,74.524,0,low
1849,clear,32.5199,0,high
426,clear,98.6381,0,low
736,clear,74.14,0,medium
834,clear,85.09,0,medium
551,rain,69.6365,0,low
1340,clear,60.5637,0,medium
308,fog,62.986,0,low
1968,clear,43.4299,0,high
1514,rain,33.8443,0,high
964,clear,73.646,0,medium
1044,rain,43.4594,0,medium
874,fog,53.705,0,medium
209,rain,69.8303,0,low
639,clear,76.9197,0,medium
422,rain,75.7698,0,low
394,rain,71.6611,0,low
381,fog,58.0198,0,low
1867,clear,44.7824,0,high
1204,fog,36.0919,0,medium
1930,fog,25.0599,0,high
1324,clear,47.1337,0,medium
611,clear,75.1338,0,medium
1023,clear,79.3176,0,medium
1816,clear,41.7933,0,high
1979,clear,41.8775,0,high
1495,clear,64.9365,0,high
1871,clear,44.2883,0,high
306,fog,67.4215,1,low
496,fog,51.1579,0,low
1034,fog,47.2254,0,medium
752,clear,81.5494,0,medium
494,clear,90.7069,0,low
497,rain,70.7748,0,low
1671,rain,32.6319,0,high
1081,rain,56.2001,0,medium
504,clear,88.304,0,low
1004,rain,53.9447,0,medium
513,clear,86.5268,0,low
609,fog,55.0924,0,medium
439,fog,65.9653,0,low
830,clear,84.24,0,medium
1250,rain,47.5093,1,medium
491,clear,90.5195,0,low
1568,clear,53.281,0,high
485,rain,71.7945,1,low
673,clear,81.6324,0,medium
1999,clear,34.8925,0,high
1654,clear,48.297,0,high
1259,clear,61.8291,0,medium
499,rain,55.734,0,low
1054,clear,68.3479,0,medium
1661,rain,29.9697,0,high
176,clear,91.6913,0,low
1347,clear,53.9154,0,medium
1558,clear,46.9302,0,high
350,clear,85.7873,0,low
1045,fog,51.1616,0,medium
147,rain,78.0269,0,low
1393,clear,48.5344,0,medium
745,fog,56.2101,0,medium
1516,rain,34.0118,0,high
1458,fog,35.0243,0,high
823,fog,48.7948,0,medium
1875,clear,44.3213,0,high
470,fog,61.446,0,low
644,rain,62.6699,0,medium
1792,fog,13.5549,0,high
1166,fog,46.8046,0,medium
482,rain,70.7983,0,low
1640,clear,56.658,0,high
322,fog,66.4238,0,low
715,clear,71.8883,0,medium
397,clear,87.7906,0,low
726,rain,68.8297,1,medium
1469,rain,46.2227,0,high
858,fog,53.4102,0,medium
1845,fog,17.342,0,high
864,rain,65.5141,0,medium
1925,clear,47.9004,0,high
515,clear,87.8041,0,low
1112,fog,31.5626,0,medium
1433,clear,55.8237,0,high
641,rain,63.3157,0,medium
1838,clear,41.7388,0,high
531,clear,82.4997,0,low
1061,fog,49.9127,0,medium
999,clear,62.4201,0,medium
1714,clear,44.4205,0,high
1019,clear,65.115,0,medium
231,rain,82.4917,0,low
826,snow,42.4192,0,medium
239,clear,88.3816,0,low
426,clear,97.7185,0,low
507,fog,55.982,0,low
1813,clear,47.2552,0,high
497,clear,84.0581,0,low
1777,clear,44.0379,0,high
1195,clear,64.4467,0,medium
1961,clear,44.0502,0,high
1904,snow,10.0,0,high
336,fog,56.3132,0,low
628,clear,74.4829,0,medium
195,fog,73.8129,0,low
351,clear,90.3882,0,low
1608,snow,15.3233,1,high
1807,rain,30.0064,0,high
255,fog,63.0647,0,low
1610,rain,39.1154,0,high
1986,rain,35.5063,0,high
589,rain,65.8854,0,low
1124,clear,72.3051,0,medium
963,clear,65.9328,0,medium
1455,clear,56.7757,0,high
1410,clear,60.2843,0,high
1052,fog,33.6934,0,medium
448,clear,85.5177,0,low
521,clear,90.8236,0,low
1344,clear,60.9666,0,medium
1292,clear,63.0678,0,medium
1080,clear,74.669,0,medium
1902,clear,37.9668,0,high
1639,fog,21.0198,0,high
1521,rain,38.5996,0,high
1868,clear,53.1216,0,high
796,clear,74.8025,0,medium
120,clear,103.9984,0,low
216,rain,76.1477,0,low
1534,clear,56.5235,0,high
1637,fog,22.6626,1,high
1779,rain,30.4628,0,high
1724,clear,50.4859,0,high
1311,rain,41.8496,0,medium
1336,clear,68.9985,0,medium
924,fog,51.5227,0,medium
938,fog,50.0433,0,medium
1276,clear,60.437,0,medium
386,rain,71.9794,0,low
1873,rain,39.3812,0,high
1069,rain,49.4145,0,medium
781,clear,77.4254,0,medium
1898,clear,52.4137,0,high
1487,fog,29.2802,0,high
835,clear,70.8379,0,medium
1711,snow,24.2911,1,high
935,rain,57.2813,0,medium
772,clear,69.3195,0,medium
1932,clear,32.7168,0,high
1598,clear,55.4286,0,high
676,fog,45.5861,0,medium
495,clear,81.9173,0,low
1647,clear,43.1818,0,high
1822,clear,42.4612,0,high
1126,clear,70.7316,0,medium
1528,clear,61.7738,0,high
1372,fog,39.9614,0,medium
780,fog,50.7581,0,medium
1534,fog,30.4706,0,high
626,clear,81.2332,0,medium
1984,clear,43.9363,0,high
1477,clear,60.9628,0,high
1509,rain,42.5213,0,high
1949,clear,39.0699,0,high
1446,rain,40.3429,0,high
1039,rain,47.654,0,medium
1083,clear,63.7593,0,medium
1077,clear,76.3027,0,medium
1816,rain,24.2807,1,high
1381,clear,54.3472,0,medium
453,fog,62.8979,0,low
351,rain,71.1264,0,low
870,clear,70.1458,0,medium
500,clear,89.1516,0,low
928,rain,60.2107,0,medium
1614,clear,46.3889,0,high
1911,fog,14.0488,0,high
1843,fog,16.0424,0,high
474,fog,55.4349,0,low
372,fog,64.1039,0,low
250,fog,75.8564,1,low
448,clear,95.0289,0,low
1646,clear,54.1182,0,high
619,rain,63.8975,0,medium
1465,rain,47.0513,0,high
755,clear,77.1426,0,medium
666,fog,51.9478,0,medium
1597,rain,34.4121,0,high
478,clear,87.1099,0,low
1052,clear,70.5231,0,medium
766,rain,56.1353,0,medium
1485,clear,60.0824,0,high
1093,clear,66.4769,0,medium
592,clear,83.4598,0,low
1631,clear,51.5227,0,high
367,clear,90.4153,0,low
1140,rain,51.5846,0,medium
327,fog,66.7904,1,low
387,clear,88.2458,0,low
1366,rain,42.7595,0,medium
533,clear,79.3413,0,low
675,clear,82.6664,0,medium
1909,clear,38.31,0,high
1327,clear,61.5007,0,medium
444,rain,72.8063,0,low
1710,clear,41.8081,0,high
852,clear,69.8542,0,medium
260,fog,58.1387,0,low
1391,clear,55.3169,0,medium
861,clear,76.7564,0,medium
1848,rain,40.5953,0,high
1199,clear,64.6398,0,medium
1683,rain,30.2987,0,high
1387,fog,35.0947,0,medium
720,clear,85.5219,0,medium
1568,fog,35.0328,0,high
616,clear,79.8559,0,medium
485,rain,71.1586,0,low
1783,fog,17.0415,0,high
1606,rain,39.0458,0,high
535,clear,86.3032,0,low
311,snow,49.2514,0,low
1188,clear,64.4457,0,medium
1500,clear,49.7264,0,high
355,clear,88.4022,0,low
1538,rain,41.3009,0,high
481,snow,55.8905,1,low
540,clear,86.9338,0,low
1027,clear,64.4488,0,medium
653,clear,87.1064,0,medium
987,clear,78.698,0,medium
611,clear,80.8747,0,medium
1400,clear,61.3044,0,medium
1142,clear,65.4035,0,medium
1506,clear,45.8156,0,high
1030,rain,52.0496,0,medium
1688,fog,14.6605,0,high
1087,rain,51.0939,0,medium
1756,clear,43.5194,0,high
1160,clear,58.2018,0,medium
744,clear,80.7704,0,medium
915,fog,47.4755,0,medium
554,rain,60.3312,0,low
1355,rain,42.6531,0,medium
885,clear,73.262,0,medium
1387,fog,39.1197,0,medium
624,snow,54.5879,0,medium
175,fog,67.1658,0,low
1860,clear,31.5463,0,high
649,clear,83.8371,0,medium
1258,clear,60.7115,0,medium
330,clear,89.9887,0,low
960,fog,45.7188,0,medium
507,clear,77.9409,0,low
1438,rain,36.7193,0,high
1622,clear,58.3483,0,high
360,clear,94.994,0,low
726,fog,50.8281,0,medium
1094,rain,54.8543,0,medium
738,clear,78.4791,0,medium
737,clear,75.3442,0,medium
206,clear,94.1151,0,low
1566,clear,58.0228,0,high
667,clear,81.3313,0,medium
1955,rain,28.0283,0,high
1957,rain,35.1546,0,high
478,clear,87.4468,0,low
1649,snow,10.1317,0,high
396,clear,83.353,0,low
1384,clear,64.0141,0,medium
902,clear,68.3762,0,medium
1800,clear,47.6145,0,high
714,clear,82.4186,0,medium
135,snow,62.7043,0,low
1412,clear,65.7896,0,high
1629,rain,29.5851,0,high
817,clear,74.5885,0,medium
1072,rain,52.796,0,medium
1484,clear,62.6285,0,high
487,clear,81.3504,0,low
1878,fog,14.3656,0,high
314,clear,80.6469,0,low
261,clear,83.406,0,low
1857,clear,48.414,0,high
125,clear,96.9506,0,low
1981,clear,37.7069,0,high
1585,clear,53.4826,0,high
1198,fog,41.4736,0,medium
1065,clear,64.8602,0,medium
600,clear,79.1452,0,low
1155,clear,63.1263,0,medium
484,clear,90.6447,0,low
186,rain,75.489,0,low
1924,clear,50.2928,0,high
1366,clear,51.8632,0,medium
1354,snow,26.7896,0,medium
1629,rain,35.1334,0,high
1802,clear,44.5064,0,high
1183,fog,36.7961,0,medium
824,clear,68.1517,0,medium
1153,clear,60.5606,0,medium
450,rain,79.5999,0,low
1730,fog,23.5837,0,high
1027,rain,61.3595,0,medium
612,rain,76.1359,0,medium
953,clear,75.9007,0,medium
907,clear,72.9751,0,medium
1085,clear,64.8004,0,medium
743,clear,75.6885,0,medium
1773,fog,26.5072,0,high
1971,fog,14.95,1,high
273,rain,75.859,0,low
1761,clear,53.1219,0,high
524,clear,93.2846,0,low
1297,clear,56.4931,0,medium
336,clear,82.257,0,low
410,fog,66.3456,0,low
1243,rain,59.3932,0,medium
1149,clear,64.236,0,medium
404,rain,78.2927,1,low
946,rain,61.4898,0,medium
438,clear,93.5118,0,low
1043,clear,69.0783,0,medium
563,clear,82.1558,0,low
726,clear,73.3886,0,medium
1972,clear,36.2619,0,high
676,clear,75.5282,0,medium
1176,fog,43.3925,0,medium
1843,clear,32.6536,0,high
323,clear,86.7579,0,low
1185,clear,62.3242,0,medium
1890,clear,43.3099,0,high
1000,clear,80.2794,0,medium
1878,fog,21.358,0,high
574,clear,80.9098,0,low
1055,clear,69.378,0,medium
1032,rain,46.3957,0,medium
1109,clear,66.1438,0,medium
1934,clear,37.5451,0,high
740,fog,60.2876,0,medium
338,clear,86.1798,0,low
144,fog,74.4167,0,low
927,fog,50.6799,0,medium
1405,clear,61.8687,0,high
1760,clear,41.3323,0,high
1511,fog,26.5059,0,high
181,clear,101.9939,0,low
1427,clear,53.6822,0,high
128,fog,70.8583,0,low
1775,rain,29.409,0,high
1422,fog,37.1393,0,high
1587,rain,39.8813,0,high
1278,fog,41.546,0,medium
567,fog,57.4588,0,low
1340,rain,50.1205,0,medium
380,snow,53.116,1,low
1429,clear,56.1791,0,high
1837,clear,40.3521,0,high
374,snow,56.6136,1,low
824,clear,76.1929,0,medium
974,clear,73.058,0,medium
1276,clear,59.1201,0,medium
1611,clear,56.3424,0,high
735,clear,76.4596,0,medium
1678,clear,58.214,0,high
1263,rain,51.7516,0,medium
1308,clear,61.0481,0,medium
1991,fog,12.6597,0,high
908,clear,78.3452,0,medium
191,clear,101.0219,0,low
1714,fog,17.5693,0,high
1052,clear,72.7656,0,medium
1742,rain,32.6221,0,high
168,clear,90.4315,0,low
1559,rain,33.9735,0,high
706,rain,63.0897,0,medium
1013,clear,80.5036,0,medium
1125,snow,28.2543,0,medium
368,rain,70.1522,0,low
522,clear,83.0682,0,low
1659,rain,39.2396,0,high
907,clear,75.5996,0,medium
1322,rain,43.2193,0,medium
690,fog,58.277,0,medium
466,fog,56.027,0,low
1709,fog,27.2924,0,high
400,fog,63.1466,0,low
1342,clear,67.1702,0,medium
1251,clear,67.9118,0,medium
539,fog,55.9648,0,low
1033,rain,59.2749,0,medium
714,clear,69.6861,0,medium
820,clear,70.4079,0,medium
140,clear,99.6171,0,low
1395,clear,55.2617,0,medium
1373,clear,58.019,0,medium
597,clear,80.8289,0,low
179,clear,90.2046,0,low
1285,rain,35.482,0,medium
1031,snow,31.0702,0,medium
1288,clear,65.8735,0,medium
1632,clear,45.9317,0,high
482,fog,62.956,0,low
1366,clear,56.83,0,medium
158,clear,99.6168,0,low
1501,fog,26.6835,0,high
410,clear,89.4835,0,low
1657,clear,42.6673,0,high
305,clear,93.241,0,low
949,rain,50.7756,0,medium
665,rain,68.858,0,medium
984,snow,42.5701,0,medium
418,clear,88.9738,0,low
1162,clear,70.3886,0,medium
640,clear,90.5223,1,medium
1742,clear,44.2032,0,high
1272,fog,34.5029,0,medium
465,rain,74.5311,0,low
1355,clear,58.5272,0,medium
1959,fog,10.7703,0,high
1803,clear,52.3289,0,high
797,fog,43.8546,0,medium
1337,rain,49.6014,0,medium
947,clear,68.3587,0,medium
580,fog,60.4499,0,low
1176,fog,42.9876,0,medium
306,clear,102.7653,0,low
865,clear,68.9192,0,medium
427,rain,80.2797,0,low
532,clear,85.7426,0,low
809,snow,40.2447,0,medium
409,clear,92.4218,0,low
1257,clear,55.6646,0,medium
835,clear,75.9685,0,medium
461,clear,87.9223,0,low
1480,clear,54.6689,0,high
891,fog,52.4124,0,medium
830,rain,60.9132,1,medium
438,clear,82.2283,0,low
993,clear,71.0735,0,medium
1103,clear,65.5455,0,medium
1898,clear,33.4528,0,high
1558,rain,44.8328,0,high
1108,fog,42.1298,0,medium
1745,fog,20.3295,0,high
1602,rain,41.1093,0,high
1544,rain,42.2432,0,high
1631,clear,58.4513,0,high
1407,rain,45.0605,0,high
964,rain,50.4584,0,medium
1675,clear,45.268,0,high
1789,clear,46.6959,0,high
647,clear,77.2171,0,medium
1935,clear,41.5224,0,high
1693,clear,48.1056,0,high
538,clear,81.8672,0,low
1516,rain,29.6854,0,high
699,clear,87.902,0,medium
245,rain,71.7482,0,low
1299,fog,40.0877,0,medium
705,fog,53.638,0,medium
332,clear,92.4949,0,low
109,snow,61.729,0,low
855,rain,59.7928,0,medium
1087,clear,61.6752,0,medium
1845,clear,50.2465,0,high
580,fog,57.337,0,low
286,clear,99.4292,0,low
1656,clear,44.2349,0,high
1620,fog,26.442,0,high
1071,clear,68.0446,0,medium
917,fog,51.5966,0,medium
397,clear,97.5193,0,low
1115,rain,51.9013,0,medium
1697,clear,55.1706,0,high
1772,clear,50.7688,0,high
920,clear,69.7937,0,medium
390,clear,87.6235,0,low
1419,clear,46.571,0,high
874,snow,45.0775,0,medium
1986,clear,46.837,0,high
285,rain,82.2622,0,low
808,clear,73.5094,0,medium
1556,rain,40.4591,0,high
483,rain,73.2017,0,low
1557,clear,48.283,0,high
1444,rain,36.3021,0,high
484,clear,87.547,0,low
962,rain,52.1861,0,medium
758,rain,60.2629,0,medium
1305,clear,61.463,0,medium
709,fog,54.9903,0,medium
142,clear,96.9482,0,low
1839,clear,54.5329,0,high
146,clear,101.3437,0,low
1178,rain,54.5148,0,medium
1253,clear,61.4353,0,medium
1432,rain,42.8969,0,high
507,snow,48.1565,0,low
1524,clear,53.7087,0,high
1838,rain,29.1939,0,high
1897,fog,15.9295,0,high
435,fog,59.0914,0,low
1735,clear,45.1125,0,high
618,rain,69.7171,0,medium
1644,clear,43.5033,0,high
990,snow,38.772,0,medium
1509,fog,35.2404,0,high
898,clear,72.4961,0,medium
1922,clear,40.3235,0,high
1642,clear,49.5413,0,high
852,rain,59.0188,0,medium
1396,clear,65.257,0,medium
1904,fog,19.6399,0,high
786,rain,61.2407,0,medium
1142,rain,47.0947,0,medium
1476,rain,46.3852,0,high
1336,clear,51.5685,0,medium
770,snow,36.8833,0,medium
1499,clear,55.482,0,high
239,clear,92.6356,0,low
1809,fog,27.309,0,high
1191,clear,68.7525,0,medium
1014,rain,59.3887,0,medium
1111,clear,65.2539,0,medium
476,clear,88.1139,0,low
1802,clear,52.4737,0,high
1209,clear,66.0853,0,medium
317,rain,69.9759,0,low
1711,rain,45.1744,0,high
1841,clear,43.3556,0,high
1661,clear,46.971,0,high
657,clear,78.85,0,medium
1814,rain,32.7147,0,high
1604,rain,35.5364,0,high
757,rain,61.352,0,medium
1437,clear,56.8216,0,high
1631,clear,50.8597,0,high
1891,clear,49.3993,0,high
1125,fog,53.5564,1,medium
1360,fog,31.4349,0,medium
513,fog,61.462,0,low
437,fog,68.0683,0,low
711,clear,79.7706,0,medium
1146,clear,63.9446,0,medium
1742,clear,62.7404,0,high
1107,clear,69.739,0,medium
737,clear,77.037,0,medium
1012,fog,42.7006,0,medium
609,snow,42.9029,0,medium
542,clear,85.4619,0,low
677,clear,79.0359,0,medium
1738,clear,55.577,0,high
663,fog,51.0887,0,medium
1132,clear,59.778,0,medium
393,clear,79.1188,0,low
665,clear,79.3789,0,medium
404,rain,70.345,0,low
1694,rain,33.3041,0,high
785,snow,39.5267,0,medium
1596,clear,43.0202,0,high
287,rain,77.4639,0,low
180,clear,93.803,0,low
1065,clear,64.3566,0,medium
1380,clear,52.9333,0,medium
1278,fog,38.554,0,medium
672,fog,58.21,0,medium
494,fog,62.8827,0,low
881,clear,77.297,0,medium
1485,clear,53.0251,0,high
1639,fog,25.7646,0,high
1833,clear,45.391,0,high
1194,rain,44.1119,0,medium
1583,rain,49.9875,1,high
922,snow,35.3169,1,medium
1665,clear,46.1966,0,high
272,rain,85.3325,1,low
184,rain,73.4721,0,low
1253,clear,60.8671,0,medium
282,clear,85.4765,0,low
559,clear,85.5963,0,low
1522,clear,54.4944,0,high
619,fog,54.3597,0,medium
1210,clear,71.9118,0,medium
1215,rain,42.7521,0,medium
1255,clear,63.8951,0,medium
905,fog,36.5746,0,medium
622,clear,79.104,0,medium
1814,clear,44.2133,0,high
1371,clear,54.7477,0,medium
501,fog,49.9232,0,low
1751,clear,44.068,0,high
1519,clear,48.5219,0,high
977,clear,72.3345,0,medium
1452,clear,57.0626,0,high
576,fog,56.859,0,low
1397,clear,61.7333,0,medium
421,fog,54.6034,0,low
1028,clear,67.207,0,medium
967,rain,54.6399,0,medium
1347,fog,38.8355,0,medium
579,clear,82.0211,0,low
1353,rain,40.1586,0,medium
1772,clear,48.8434,0,high
139,clear,105.2449,0,low
635,fog,56.3013,1,medium
754,clear,81.1949,0,medium
298,clear,87.2542,0,low
1916,clear,41.0459,0,high
246,clear,98.2713,0,low
259,clear,91.0513,0,low
1383,fog,35.7494,0,medium
821,clear,70.0101,0,medium
882,clear,70.6295,0,medium
947,clear,66.5538,0,medium
1913,clear,37.756,0,high
1058,clear,66.0024,0,medium
1157,clear,66.9611,0,medium
550,clear,79.5762,0,low
585,clear,79.0509,0,low
243,clear,96.0179,0,low
805,rain,59.6,0,medium
1515,clear,53.5439,0,high
1790,clear,49.9954,0,high
101,rain,78.7543,0,low
1849,rain,20.6572,0,high
1176,clear,62.5308,0,medium
1084,rain,58.0484,0,medium
367,clear,85.5003,0,low
302,clear,94.6135,0,low
779,clear,77.5826,0,medium
1446,rain,42.8879,0,high
1213,clear,68.1042,0,medium
1967,rain,23.0136,0,high
1340,rain,47.5563,0,medium
1732,clear,42.652,0,high
783,clear,74.3901,0,medium
769,clear,78.28,0,medium
482,clear,88.3356,0,low
1904,snow,14.3861,0,high
174,fog,77.18,1,low
1818,clear,46.3472,0,high
747,rain,51.7722,0,medium
166,rain,78.8113,1,low
1610,fog,27.9575,0,high
863,clear,71.9764,0,medium
1682,clear,44.2679,0,high
502,clear,86.6458,0,low
361,rain,77.3734,0,low
1288,fog,49.1741,0,medium
694,fog,61.336,0,medium
1666,clear,53.9882,0,high
600,fog,65.1121,0,low
1440,clear,69.9781,0,high
358,clear,89.0276,0,low
1844,clear,41.1378,0,high
628,clear,81.4383,0,medium
514,clear,83.9827,0,low
1096,clear,70.1562,0,medium
1367,fog,44.1063,0,medium
1365,clear,61.1589,0,medium
594,fog,54.6219,0,low
153,clear,94.4899,0,low
1296,rain,45.2165,0,medium
1376,clear,66.9556,0,medium
139,fog,72.5542,0,low
653,clear,71.8795,0,medium
823,clear,78.5545,0,medium
1689,clear,58.3849,0,high
273,clear,93.5515,0,low
331,rain,78.2076,0,low
961,clear,71.2818,0,medium
859,clear,66.3715,0,medium
1712,clear,44.6716,0,high
600,clear,82.6662,0,low
905,fog,53.6676,0,medium
507,clear,83.6887,0,low
1763,clear,42.5872,0,high
1100,rain,49.3547,0,medium
1287,clear,70.9145,0,medium
1367,fog,23.6401,0,medium
1877,fog,21.3914,0,high
1885,fog,10.3316,0,high
1483,clear,59.7041,0,high
729,rain,62.4133,0,medium
1069,rain,57.3026,0,medium
1139,clear,74.9061,0,medium
301,clear,99.7048,0,low
144,clear,95.1719,0,low
823,clear,72.8526,0,medium
1158,clear,58.8128,0,medium
892,rain,58.4229,0,medium
1842,clear,49.377,0,high
358,clear,90.4571,0,low
661,clear,82.5634,0,medium
297,rain,83.4948,0,low
1522,clear,58.9634,0,high
1972,clear,34.1049,0,high
101,clear,93.242,0,low
660,fog,53.7579,0,medium
1808,clear,50.8622,0,high
395,clear,87.1818,0,low
1434,rain,36.4145,0,high
1090,clear,67.0395,0,medium
574,rain,77.2214,0,low
511,fog,50.406,1,low
1422,fog,24.5401,0,high
1192,clear,66.2373,0,medium
527,fog,63.0673,0,low
1952,clear,35.7372,0,high
526,clear,84.2537,0,low
1760,rain,35.4873,0,high
1281,clear,70.5689,0,medium
556,rain,77.0088,0,low
1008,snow,35.8117,0,medium
193,clear,97.7259,0,low
1602,rain,42.9265,0,high
1444,clear,53.3838,0,high
986,clear,67.3178,0,medium
1674,clear,44.3647,0,high
1096,clear,56.6701,0,medium
1791,rain,30.3769,0,high
1386,clear,58.4606,0,medium
1321,snow,24.9494,0,medium
118,clear,95.0343,0,low
1645,clear,49.6332,0,high
1172,clear,67.2084,0,medium
465,clear,82.8187,0,low
1603,clear,51.9816,0,high
717,fog,49.9029,0,medium
1465,clear,56.5431,0,high
700,rain,61.3881,0,medium
1465,rain,40.9501,0,high
850,clear,77.622,0,medium
1873,clear,43.8045,0,high
1835,rain,24.6653,0,high
1557,clear,52.7918,0,high
965,fog,50.7794,0,medium
475,fog,48.875,0,low
1414,clear,58.3423,0,high
444,clear,85.1896,0,low
785,clear,75.8535,0,medium
925,clear,78.2285,0,medium
1705,rain,42.0926,0,high
1625,clear,52.7563,0,high
1126,clear,61.0567,0,medium
1827,clear,42.455,0,high
139,fog,79.165,0,low
1034,clear,61.9444,0,medium
1805,snow,13.3108,1,high
965,clear,65.9833,0,medium
227,fog,70.0935,0,low
294,rain,75.0168,0,low
1889,rain,24.1569,0,high
1986,fog,17.0266,1,high
1338,clear,58.9131,0,medium
672,clear,75.6965,0,medium
1477,clear,53.4919,0,high
434,clear,84.7525,0,low
1340,rain,40.8099,0,medium
1508,clear,61.0092,0,high
737,clear,79.127,0,medium
123,snow,65.8584,1,low
823,rain,60.183,0,medium
1140,clear,56.8271,0,medium
1188,clear,56.9803,0,medium
878,clear,81.9827,0,medium
1281,clear,56.3995,0,medium
1332,clear,50.1061,0,medium
1696,snow,10.0,0,high
1685,clear,56.6643,0,high
973,snow,33.5766,0,medium
1811,fog,29.5334,0,high
618,rain,73.3482,0,medium
667,clear,74.3384,0,medium
443,fog,56.9736,0,low
799,fog,56.0018,0,medium
137,clear,97.3351,0,low
1892,rain,32.5352,0,high
351,clear,77.6306,0,low
1053,rain,46.6203,0,medium
768,clear,82.5821,0,medium
1921,fog,10.0,0,high
209,clear,92.1227,0,low
461,clear,99.3795,0,low
838,clear,73.5905,0,medium
438,rain,77.2386,0,low
896,clear,75.1361,0,medium
275,clear,90.685,0,low
345,clear,94.7881,0,low
1188,clear,63.5963,0,medium
762,clear,78.8851,0,medium
1160,fog,36.7599,0,medium
1785,clear,42.1353,0,high
1781,rain,32.5913,0,high
680,clear,77.923,0,medium
1915,clear,43.4686,0,high
1921,clear,41.2814,0,high
410,clear,89.18,0,low
1711,clear,47.3554,0,high
442,clear,86.5094,0,low
1291,clear,63.9956,0,medium
715,snow,40.1076,0,medium
297,clear,88.8021,0,low
821,clear,80.0888,0,medium
1940,clear,45.4339,0,high
1488,clear,56.65,0,high
1522,clear,56.2227,0,high
1138,fog,41.4103,0,medium
1459,rain,39.7157,0,high
1587,clear,52.5852,0,high
262,clear,97.3933,1,low
1337,rain,46.6628,0,medium
606,clear,75.6252,0,medium
267,clear,89.7754,0,low
101,clear,103.8809,0,low
1121,snow,22.5411,0,medium
1612,rain,38.3733,0,high
1242,clear,62.0944,0,medium
512,clear,81.5797,0,low
803,rain,65.3113,0,medium
842,clear,77.4956,0,medium
811,clear,84.4356,0,medium
167,rain,74.2687,0,low
939,snow,38.9488,0,medium
152,clear,88.7079,0,low
209,fog,66.058,0,low
1104,rain,58.7302,0,medium
1949,snow,10.0,0,high
1014,rain,54.707,0,medium
1469,fog,27.4278,0,high
414,clear,80.2509,0,low
378,fog,71.8309,0,low
1599,clear,50.2102,0,high
1029,clear,67.5952,0,medium
1030,clear,64.4628,0,medium
881,clear,71.7876,0,medium
1867,clear,51.2218,0,high
470,rain,70.7239,0,low
623,clear,85.8063,0,medium
1193,fog,34.016,0,medium
1276,snow,26.6638,0,medium
721,rain,70.6315,0,medium
1169,rain,46.4683,0,medium
1616,clear,47.4169,0,high
265,fog,69.9584,0,low
1454,rain,47.8561,0,high
776,clear,86.7312,0,medium
528,clear,82.6123,0,low
1138,clear,64.4335,0,medium
1616,clear,60.3422,0,high
239,fog,67.4979,0,low
1484,clear,53.9414,0,high
1540,fog,35.2242,1,high
1930,fog,15.8519,0,high
304,clear,84.5453,0,low
1472,rain,33.6346,0,high
1994,clear,30.1813,0,high
1837,clear,47.621,0,high
837,clear,74.2297,0,medium
293,rain,73.783,0,low
472,clear,85.1051,0,low
1080,rain,56.0546,0,medium
317,clear,95.4538,0,low
1589,clear,52.451,0,high
1214,clear,57.4974,0,medium
1106,clear,73.6006,0,medium
1211,rain,53.6377,0,medium
362,clear,90.6347,0,low
370,clear,90.5943,0,low
1279,clear,69.0124,0,medium
935,clear,74.0728,0,medium
1521,fog,20.7716,0,high
765,clear,77.6324,0,medium
974,rain,52.71,0,medium
288,clear,97.8026,1,low
1819,clear,38.9338,0,high
1275,fog,36.0851,0,medium
1067,clear,59.6636,0,medium
526,clear,90.0763,0,low
727,clear,87.2077,0,medium
1810,clear,47.0891,0,high
543,clear,79.9948,0,low
881,clear,78.0006,0,medium
892,clear,81.9067,0,medium
288,clear,88.5819,0,low
1831,clear,42.3665,0,high
1219,clear,62.3569,0,medium
838,rain,64.7397,0,medium
1161,rain,50.3615,0,medium
517,clear,80.675,0,low
1968,clear,50.2899,0,high
1350,clear,62.4174,0,medium
1220,fog,34.5954,0,medium
1169,clear,59.2532,0,medium
1264,rain,42.7273,0,medium
878,clear,68.8976,0,medium
283,clear,88.5132,0,low
242,clear,102.8905,0,low
676,rain,67.9546,0,medium
539,rain,72.9721,0,low
168,fog,64.0943,0,low
1027,clear,63.5359,0,medium
595,clear,81.4533,0,low
1838,clear,45.6371,0,high
117,snow,62.5808,1,low
1821,clear,53.0802,0,high
1349,fog,32.5231,0,medium
706,clear,76.3153,0,medium
481,clear,91.4225,0,low
291,clear,98.3686,0,low
1652,clear,52.5714,0,high
132,clear,89.7578,0,low
959,fog,43.7242,0,medium
431,clear,84.838,0,low
1303,rain,42.092,0,medium
1750,clear,44.4788,0,high
1458,fog,26.5813,0,high
707,clear,83.4073,0,medium
885,clear,77.4698,0,medium
137,fog,68.8572,0,low
817,rain,65.0652,0,medium
1962,rain,21.113,0,high
1079,clear,75.2095,0,medium
565,rain,61.9268,0,low
1518,rain,33.8914,0,high
1642,clear,54.9553,0,high
1075,rain,57.1803,0,medium
1215,clear,65.7446,0,medium
1701,clear,47.9232,0,high
1237,clear,63.5287,0,medium
454,snow,53.388,1,low
920,fog,35.2189,0,medium
944,clear,64.8638,0,medium
161,rain,84.0174,0,low
1477,clear,45.5098,0,high
1520,clear,53.4155,0,high
232,clear,79.8815,0,low
1152,clear,66.2646,0,medium
353,clear,94.8042,0,low
1882,clear,42.1854,0,high
1729,clear,48.6058,0,high
1169,clear,67.8745,0,medium
1753,clear,53.1896,0,high
1627,clear,46.511,0,high
1899,clear,50.0557,0,high
1472,fog,31.6322,0,high
1474,clear,66.9862,0,high
1806,clear,46.7955,0,high
1837,clear,36.1432,0,high
945,rain,49.3125,0,medium
876,clear,78.1533,0,medium
313,rain,78.6608,0,low
1564,snow,18.4066,0,high
913,clear,79.2893,0,medium
1967,clear,46.238,0,high
504,clear,83.3603,0,low
1593,rain,32.2497,0,high
1960,clear,29.186,0,high
1231,rain,42.4447,0,medium
1440,clear,45.8739,0,high
712,clear,69.3741,0,medium
1113,clear,66.3921,0,medium
628,clear,81.4368,0,medium
613,clear,82.3768,0,medium
1392,clear,56.0281,0,medium
1472,clear,49.9628,0,high
1262,clear,56.2349,0,medium
1424,clear,46.5685,0,high
1178,snow,24.0414,0,medium
184,clear,95.4964,0,low
1438,snow,30.8574,0,high
1717,clear,53.3308,0,high
925,clear,72.2797,0,medium
1329,rain,42.6757,0,medium
368,clear,77.8561,0,low
1853,rain,27.9379,1,high
1951,rain,26.6848,0,high
1143,rain,51.0707,0,medium
973,clear,67.5992,0,medium
665,clear,70.3669,0,medium
356,clear,86.8462,0,low
887,rain,60.0479,0,medium
136,fog,72.0657,0,low
992,rain,57.4882,0,medium
490,rain,69.523,1,low
1787,clear,49.8406,0,high
138,clear,90.6044,1,low
1530,clear,48.9388,0,high
909,rain,52.7214,0,medium
598,clear,80.3301,0,low
566,fog,58.7025,0,low
1186,clear,64.5156,0,medium
1726,rain,28.8322,0,high
957,fog,50.1546,1,medium
998,clear,69.0235,0,medium
610,clear,82.3123,0,medium
160,clear,93.7606,0,low
1557,clear,51.1176,0,high
658,clear,74.6695,0,medium
1132,clear,68.0703,0,medium
318,fog,67.5818,0,low
1324,clear,68.8726,0,medium
572,clear,91.5664,1,low
106,rain,81.1703,0,low
1435,clear,56.3877,0,high
334,rain,71.4081,0,low
1420,fog,41.7703,0,high
1076,clear,63.1882,0,medium
1900,clear,46.0985,0,high
1228,clear,62.7601,0,medium
1948,clear,54.2114,0,high
1530,clear,52.8694,0,high
223,fog,71.4093,0,low
1258,clear,58.4678,0,medium
1591,clear,57.8622,0,high
1269,fog,42.0934,0,medium
1445,clear,60.0342,0,high
1217,clear,65.355,0,medium
1130,rain,51.4777,0,medium
204,fog,59.2926,0,low
344,clear,94.7485,0,low
1028,rain,47.1532,0,medium
275,fog,76.6863,1,low
1596,clear,45.8706,0,high
965,rain,48.7603,0,medium
1944,fog,18.1227,0,high
182,clear,98.8042,0,low
121,clear,98.5561,0,low
1692,rain,33.377,0,high
1959,clear,32.8298,0,high
1608,rain,42.138,0,high
935,clear,65.917,0,medium
355,fog,67.6121,0,low
1032,clear,70.5876,0,medium
592,snow,37.0641,1,low
263,rain,79.6578,0,low
1980,clear,37.0644,0,high
1248,clear,60.7572,0,medium
1756,clear,48.7004,0,high
557,clear,81.4115,0,low
473,fog,56.2633,0,low
687,clear,78.307,0,medium
1661,clear,56.6462,0,high
475,clear,87.1647,0,low
1468,clear,58.0686,0,high
1605,clear,53.3598,0,high
657,rain,67.4945,0,medium
966,rain,53.048,0,medium
883,clear,73.0804,0,medium
751,clear,80.9982,0,medium
1602,rain,35.8188,0,high
557,clear,84.4118,0,low
104,clear,96.8834,0,low
1222,clear,68.9626,0,medium
781,clear,71.4442,0,medium
1567,clear,64.3292,0,high
294,clear,79.2175,0,low
1449,clear,54.2852,0,high
1334,clear,56.9811,0,medium
488,clear,84.9893,0,low
114,clear,99.1497,0,low
387,clear,87.6199,0,low
1028,clear,67.6926,0,medium
373,snow,58.5456,0,low
232,clear,91.482,0,low
1205,rain,47.7409,0,medium
1677,rain,39.5824,0,high
317,fog,63.201,0,low
268,clear,96.5925,0,low
167,fog,74.5717,1,low
1715,rain,38.9745,0,high
520,fog,56.302,0,low
819,fog,46.3512,0,medium
1004,clear,62.8669,0,medium
856,clear,75.3463,0,medium
327,clear,82.2764,0,low
1881,clear,46.0947,0,high
184,fog,66.7347,1,low
570,fog,59.862,0,low
1306,clear,58.2277,0,medium
1094,clear,68.2818,0,medium
1384,clear,54.285,0,medium
1667,clear,43.0505,0,high
1612,fog,25.3985,0,high
1767,clear,49.1544,0,high
497,fog,63.1107,0,low
480,snow,55.5221,0,low
1396,clear,61.5793,0,medium
188,rain,72.6043,0,low
1869,clear,42.7965,0,high
324,clear,85.5717,0,low
1307,clear,64.4948,0,medium
669,clear,80.2124,0,medium
731,fog,50.8462,0,medium
672,fog,59.1112,0,medium
802,rain,69.2232,0,medium
1914,rain,15.0003,0,high
1736,fog,21.4423,0,high
1693,clear,57.6745,0,high
930,clear,71.6967,0,medium
651,clear,86.0169,0,medium
723,clear,75.593,0,medium
1038,clear,62.0122,0,medium
1584,clear,57.5979,0,high
1054,clear,67.6964,0,medium
999,fog,44.556,0,medium
984,clear,67.4114,0,medium
734,clear,75.1146,0,medium
913,clear,67.5043,0,medium
1001,clear,70.5283,0,medium
1478,rain,48.9983,0,high
547,clear,84.9073,0,low
1240,fog,35.2433,0,medium
189,clear,88.4224,0,low
102,clear,97.2161,0,low
1523,clear,46.9632,0,high
424,snow,45.5851,0,low
416,rain,68.4434,0,low
1478,clear,54.1129,0,high
118,clear,99.6546,0,low
712,rain,65.3548,0,medium
1925,rain,29.4514,0,high
507,rain,83.7663,0,low
1148,clear,71.4295,0,medium
1202,clear,69.6195,0,medium
1349,clear,62.7653,0,medium
1793,fog,10.8792,0,high
1991,rain,15.3634,0,high
307,clear,96.0834,0,low
869,clear,73.0879,0,medium
873,clear,83.6022,0,medium
1981,clear,39.8142,0,high
454,clear,89.9128,0,low
278,rain,81.6006,0,low
261,fog,70.9418,0,low
1474,clear,53.6599,0,high
580,clear,83.5323,0,low
753,clear,79.4982,0,medium
1381,clear,55.166,0,medium
173,rain,74.0305,0,low
1539,clear,58.007,0,high
879,clear,79.1167,0,medium
1926,fog,12.9016,1,high
174,rain,81.3157,0,low
873,clear,76.7224,0,medium
1479,rain,41.841,0,high
776,fog,49.7198,0,medium
667,clear,75.2495,0,medium
272,clear,94.4771,0,low
762,clear,82.3046,0,medium
155,clear,112.2002,0,low
1592,clear,44.0321,0,high
1838,clear,42.8063,0,high
560,rain,58.4913,0,low
1415,clear,48.9974,0,high
1137,fog,40.1263,0,medium
1263,rain,46.3729,0,medium
1799,clear,42.6023,0,high
472,snow,55.6042,0,low
1823,clear,43.0835,0,high
1362,rain,50.1266,0,medium
928,clear,72.987,0,medium
985,clear,78.3406,0,medium
1654,snow,15.8389,0,high
439,clear,78.4375,0,low
635,clear,82.4161,0,medium
647,clear,78.7667,0,medium
253,clear,94.4302,0,low
205,clear,107.7181,0,low
1248,clear,55.8285,0,medium
567,clear,87.7946,0,low
1847,fog,21.9245,0,high
1569,rain,42.7317,0,high
1563,clear,55.2556,0,high
253,fog,69.5434,0,low
472,fog,53.0548,0,low
497,clear,83.6197,0,low
185,snow,50.3192,0,low
240,clear,87.7402,0,low
1167,clear,62.3364,0,medium
1809,clear,45.0655,0,high
1169,clear,57.1509,0,medium
383,clear,88.4097,0,low
1840,clear,38.5197,0,high
1618,clear,55.2985,0,high
432,rain,75.445,0,low
242,clear,97.9509,0,low
688,clear,82.9875,0,medium
306,fog,66.2484,0,low
869,rain,64.2685,0,medium
1250,rain,45.6133,0,medium
1209,fog,38.6109,0,medium
707,clear,77.0581,0,medium
1819,clear,42.3904,0,high
1093,fog,41.6985,0,medium
1109,clear,71.1898,0,medium
601,fog,55.4233,0,medium
575,rain,73.1755,0,low
438,clear,79.6456,0,low
689,clear,76.2575,0,medium
383,fog,53.941,0,low
1555,clear,47.7712,0,high
958,clear,80.0873,1,medium
1650,rain,32.7454,0,high
1186,rain,49.7187,0,medium
259,rain,70.1555,0,low
1071,fog,42.9096,0,medium
357,rain,70.9683,0,low
1882,rain,30.7526,0,high
1148,clear,67.2118,0,medium
173,clear,91.5042,0,low
928,fog,43.3798,0,medium
552,rain,63.6848,0,low
1363,clear,55.4287,0,medium
213,fog,80.3443,0,low
1619,fog,25.1295,0,high
393,clear,93.6532,0,low
1100,rain,53.3886,0,medium
1787,clear,42.3295,0,high
1857,snow,10.0,0,high
1677,clear,52.7853,0,high
622,rain,70.8987,0,medium
123,clear,103.8086,0,low
855,snow,40.1588,0,medium
1103,clear,71.4877,0,medium
256,fog,67.683,0,low
505,snow,64.3676,0,low
616,clear,78.5098,0,medium
1785,clear,39.3557,0,high
115,fog,66.6839,1,low
1571,clear,50.8636,0,high
767,clear,76.4058,0,medium
1302,rain,36.4956,0,medium
1026,snow,35.8817,0,medium
1193,clear,74.0183,0,medium
1953,clear,47.3375,0,high
391,clear,92.3813,0,low
687,rain,65.3898,0,medium
1559,fog,20.384,0,high
505,snow,53.3533,1,low
1368,snow,22.5445,0,medium
990,fog,48.0471,0,medium
1030,rain,53.3063,0,medium
1131,clear,63.041,0,medium
470,clear,79.3096,0,low
1883,rain,28.7539,0,high
1797,rain,38.2855,0,high
1561,clear,51.867,0,high
1973,snow,10.0,1,high
533,clear,81.505,0,low
1489,fog,35.5943,0,high
101,clear,93.7753,0,low
970,rain,51.7211,0,medium
491,clear,88.4698,0,low
1848,clear,39.1839,0,high
880,clear,71.4072,0,medium
1125,clear,74.5895,0,medium
847,rain,62.8078,0,medium
1736,rain,29.4915,0,high
309,clear,93.4249,0,low
1666,clear,47.3817,0,high
1110,clear,77.0879,0,medium
183,clear,95.1811,0,low
1214,rain,56.5922,0,medium
1084,rain,57.8743,0,medium
860,fog,52.3075,0,medium
1012,clear,69.5984,0,medium
297,rain,76.884,0,low
839,clear,80.7414,0,medium
423,clear,81.8013,0,low
1155,clear,59.2874,0,medium
420,clear,81.5321,0,low
443,clear,94.8202,0,low
437,clear,83.8608,0,low
1416,clear,52.2041,0,high
1373,clear,63.7752,0,medium
1414,clear,61.8147,0,high
854,clear,72.4081,0,medium
1328,clear,56.2532,0,medium
1020,fog,43.9061,0,medium
977,clear,66.042,0,medium
1045,fog,43.9384,0,medium
966,snow,33.8617,0,medium
1681,rain,36.6642,0,high
1792,clear,40.7236,0,high
1026,clear,66.7931,0,medium
585,rain,62.5069,0,low
795,rain,74.3639,0,medium
1557,snow,28.6772,0,high
983,clear,72.477,0,medium
299,rain,78.0446,0,low
836,fog,38.9933,0,medium
970,clear,74.1675,0,medium
1688,rain,37.0164,0,high
400,rain,68.6727,0,low
380,clear,89.3434,0,low
1086,fog,41.199,0,medium
1446,rain,49.6558,0,high
1398,clear,53.6269,0,medium
645,clear,85.5892,0,medium
1150,clear,65.614,0,medium
262,clear,89.341,0,low
836,fog,48.5651,0,medium
685,clear,77.894,0,medium
1209,fog,44.8403,0,medium
395,rain,73.4938,0,low
489,fog,67.4706,0,low
1205,clear,71.1894,0,medium
149,clear,99.0749,0,low
779,rain,66.6416,0,medium
1871,rain,35.2968,0,high
184,clear,94.0506,0,low
1444,clear,69.2713,0,high
1344,rain,48.4416,0,medium
604,clear,77.6253,0,medium
1985,clear,36.8381,0,high
362,rain,85.358,0,low
1541,clear,50.6672,0,high
101,clear,97.8648,0,low
1079,clear,72.3518,0,medium
738,clear,80.2807,0,medium
1376,rain,37.2776,0,medium
405,clear,85.1642,0,low
798,fog,42.0624,0,medium
781,snow,37.4594,0,medium
1770,clear,33.9966,0,high
1857,fog,12.422,0,high
1956,snow,10.0,0,high
1120,clear,72.2799,0,medium
1951,clear,32.5986,0,high
518,clear,81.8439,0,low
403,clear,86.6968,0,low
128,fog,72.1789,0,low
1346,fog,40.7272,0,medium
1356,fog,26.2152,1,medium
869,clear,74.1864,0,medium
983,clear,76.8622,0,medium
1466,snow,28.1185,0,high
914,snow,43.4116,0,medium
373,rain,72.9941,0,low
625,rain,73.6008,0,medium
722,fog,48.2827,0,medium
1486,rain,35.9882,0,high
1879,clear,48.5722,0,high
360,clear,92.3538,0,low
1798,clear,36.8531,0,high
1875,clear,30.9639,0,high
362,rain,71.4894,1,low
300,snow,57.6771,1,low
1218,rain,50.48,0,medium
653,clear,77.587,0,medium
1127,clear,69.5613,0,medium
143,clear,94.399,0,low
1481,clear,55.8894,0,high
955,fog,51.3313,0,medium
730,clear,77.2867,0,medium
1172,rain,50.0951,0,medium
1428,clear,53.7706,0,high
279,clear,93.2717,0,low
1037,clear,68.9371,0,medium
356,clear,91.112,0,low
1576,clear,62.843,0,high
584,clear,84.3597,0,low
689,rain,67.1777,0,medium
696,fog,49.7576,0,medium
221,fog,65.2033,0,low
710,rain,63.7507,0,medium
717,clear,80.7452,0,medium
1170,fog,46.217,0,medium
689,clear,73.6576,0,medium
1761,rain,28.4946,0,high
1583,clear,52.9393,0,high
1062,rain,48.6032,0,medium
1772,rain,28.9434,0,high
374,clear,91.821,0,low
1574,rain,33.7139,0,high
1040,clear,68.3486,0,medium
203,rain,86.5602,0,low
1270,clear,54.9889,0,medium
1887,clear,38.6869,0,high
149,clear,99.3053,0,low
1529,clear,54.4618,0,high
1952,fog,14.3551,0,high
608,rain,66.5675,0,medium
1771,clear,57.8973,0,high
1529,clear,53.4315,0,high
1201,fog,41.7778,0,medium
1855,clear,50.9523,0,high
235,clear,80.3075,0,low
900,clear,75.2295,0,medium
361,fog,66.9381,0,low
178,clear,103.0945,0,low
1027,clear,68.5521,0,medium
1874,fog,24.2578,0,high
130,rain,78.8749,0,low
1799,rain,20.1932,0,high
1155,clear,64.7161,0,medium
920,rain,61.516,0,medium
1598,clear,54.1282,0,high
1370,clear,63.6625,0,medium
702,clear,81.2997,0,medium
548,clear,86.2421,0,low
1892,clear,36.6277,0,high
295,fog,63.2085,1,low
1963,fog,16.3879,0,high
1977,clear,36.3986,0,high
1987,snow,10.0,0,high
1589,clear,60.1561,0,high
1487,clear,62.9987,0,high
903,rain,57.0153,0,medium
293,snow,61.4944,1,low
320,fog,62.59,0,low
1116,fog,49.0077,0,medium
1934,rain,29.9526,0,high
1810,clear,43.9103,0,high
188,clear,91.5815,1,low
1451,rain,47.3203,0,high
1436,rain,42.6823,0,high
189,fog,71.633,0,low
1138,clear,63.7548,0,medium
854,clear,72.8219,0,medium
570,clear,81.86,0,low
578,clear,79.6327,0,low
1482,rain,37.9544,0,high
1964,clear,39.9679,0,high
820,clear,78.92,0,medium
1218,clear,60.3898,0,medium
401,fog,58.5319,0,low
1082,clear,72.712,0,medium
1831,rain,27.0437,0,high
567,clear,89.7085,0,low
165,snow,55.6892,0,low
1321,clear,61.3289,0,medium
1757,fog,19.9487,0,high
1577,fog,31.325,0,high
1066,clear,67.1059,0,medium
220,clear,93.2639,0,low
711,clear,77.967,0,medium
1676,clear,47.6545,0,high
1699,rain,27.919,0,high
1212,clear,62.5063,0,medium
467,clear,82.735,0,low
359,clear,85.3015,0,low
451,clear,87.6654,0,low
1138,rain,47.9224,0,medium
956,clear,65.7471,0,medium
1186,rain,46.7818,0,medium
369,rain,62.0745,0,low
1220,fog,43.6594,0,medium
346,clear,89.218,0,low
147,clear,91.76,0,low
1502,fog,39.6772,0,high
1531,clear,51.5753,0,high
157,fog,71.5751,0,low
1228,clear,74.711,0,medium
1089,fog,45.1465,0,medium
892,fog,47.5636,0,medium
1314,fog,38.8297,0,medium
1788,rain,30.6858,0,high
994,clear,76.0367,0,medium
1442,clear,62.8155,0,high
798,fog,52.7396,0,medium
1998,fog,15.1618,0,high
1718,fog,30.3752,0,high
142,clear,100.4953,0,low
1065,fog,40.2807,0,medium
1720,rain,32.5947,0,high
500,snow,51.0823,0,low
1177,rain,55.4682,0,medium
1216,snow,19.8675,0,medium
825,rain,61.9855,0,medium
1894,clear,48.6809,0,high
1899,clear,37.2259,0,high
879,clear,76.3633,0,medium
862,clear,83.8318,0,medium
871,fog,50.3047,0,medium
1442,clear,58.5469,0,high
1053,clear,66.2124,0,medium
498,snow,47.7266,0,low
1868,clear,44.7223,0,high
1849,clear,38.323,0,high
833,rain,64.6287,0,medium
600,fog,58.1646,0,low
1745,fog,25.739,0,high
1687,fog,23.3731,0,high
1192,rain,52.4712,1,medium
1649,fog,24.5056,0,high
1799,clear,46.3825,0,high
459,clear,83.8004,0,low
1367,clear,67.7333,0,medium
413,clear,86.8827,0,low
1578,clear,50.6449,0,high
893,clear,75.4832,0,medium
938,rain,57.4862,0,medium
1046,clear,71.9197,0,medium
149,fog,67.6545,1,low
282,clear,86.3958,0,low
106,fog,65.9527,0,low
1316,clear,60.6967,0,medium
1119,clear,70.5069,0,medium
571,clear,79.1649,0,low
1875,rain,42.6138,0,high
1447,clear,59.3215,0,high
444,clear,85.7089,0,low
846,clear,71.281,0,medium
132,clear,96.2859,0,low
1446,clear,57.0725,0,high
938,clear,65.9762,0,medium
263,rain,84.5906,1,low
646,clear,77.1148,0,medium
1323,fog,35.8214,0,medium
1575,clear,55.1191,0,high
1745,fog,22.1953,0,high
217,snow,64.3237,0,low
991,rain,47.0115,0,medium
402,rain,64.3012,0,low
1594,clear,57.6995,0,high
1894,rain,35.3667,1,high
1177,fog,44.7112,1,medium
1542,fog,32.7043,1,high
404,rain,71.8223,0,low
1905,fog,22.5482,0,high
774,clear,74.2028,0,medium
1689,clear,54.8556,0,high
1950,rain,29.0635,0,high
232,clear,94.8678,0,low
597,clear,80.2796,0,low
198,clear,103.9544,0,low
566,clear,81.6339,0,low
1934,clear,40.5242,0,high
358,clear,83.1213,0,low
1035,clear,67.851,0,medium
1327,clear,63.0835,0,medium
693,clear,73.3954,0,medium
639,clear,80.4543,0,medium
1831,clear,41.3987,0,high
1740,clear,41.6956,0,high
589,clear,85.6655,0,low
1571,rain,40.37,0,high
883,snow,39.9515,0,medium
364,clear,94.7254,0,low
237,clear,94.6501,0,low
1059,clear,67.5247,0,medium
574,fog,55.1585,0,low
735,clear,81.0401,0,medium
1048,clear,74.3027,0,medium
216,clear,92.8854,0,low
1873,clear,49.1393,0,high
1617,clear,57.6475,0,high
1077,clear,63.0242,0,medium
1287,clear,62.7458,0,medium
870,rain,68.4305,0,medium
1681,clear,49.6037,0,high
1957,clear,36.733,0,high
997,clear,62.9514,0,medium
1103,rain,64.2877,0,medium
1865,snow,10.0,1,high
859,clear,71.3241,0,medium
878,fog,37.6313,0,medium
1001,fog,43.8115,0,medium
1966,snow,10.0,0,high
1314,fog,37.4146,0,medium
944,clear,71.0235,0,medium
1978,clear,45.5309,0,high
605,fog,54.8438,0,medium
223,rain,83.3147,0,low
1027,rain,55.8988,0,medium
1836,clear,49.2926,0,high
1383,rain,36.8264,0,medium
342,snow,63.9916,0,low
1479,clear,50.1299,0,high
1927,rain,26.9028,0,high
1026,clear,60.7013,0,medium
681,rain,63.1952,0,medium
377,clear,92.0283,0,low
1279,clear,63.0489,0,medium
962,clear,74.0821,0,medium
537,rain,66.2755,0,low
902,clear,74.8176,0,medium
1012,rain,50.4915,0,medium
1166,clear,62.6564,0,medium
1465,fog,33.7909,0,high
176,clear,92.3804,0,low
1023,clear,78.9039,0,medium
568,clear,82.9798,0,low
1501,clear,51.7042,0,high
1153,clear,61.9151,0,medium
731,clear,83.9969,0,medium
524,clear,92.184,0,low
1332,clear,59.7179,0,medium
1219,snow,35.3255,0,medium
861,rain,60.5455,0,medium
1377,fog,28.1626,0,medium
405,clear,96.9071,0,low
400,clear,76.0389,0,low
549,clear,71.2404,0,low
1998,clear,46.6437,0,high
418,clear,90.42,0,low
410,clear,82.6024,0,low
902,fog,51.614,0,medium
1991,rain,32.1917,0,high
747,clear,72.7636,0,medium
1222,clear,64.3035,0,medium
599,clear,92.0629,0,low
523,fog,62.3751,0,low
1369,clear,58.3662,0,medium
169,clear,94.4169,0,low
1804,rain,28.0315,0,high
810,snow,37.7492,0,medium
1199,clear,70.4163,0,medium
1312,fog,36.945,0,medium
914,clear,80.4363,0,medium
1303,rain,37.8239,0,medium
1877,clear,43.7925,0,high
553,clear,80.0364,0,low
1273,clear,66.9147,0,medium
640,clear,79.5481,0,medium
1687,clear,53.4264,0,high
1082,rain,63.0052,0,medium
283,rain,80.1535,0,low
295,clear,87.3728,0,low
1512,fog,33.4166,0,high
167,clear,99.1489,0,low
252,clear,84.3501,0,low
275,clear,94.1303,0,low
956,fog,43.2547,0,medium
1657,clear,59.662,0,high
708,clear,75.9861,0,medium
1885,fog,20.4256,0,high
1996,clear,48.8233,0,high
377,clear,83.2515,0,low
1450,rain,40.5064,0,high
301,rain,86.4342,0,low
1016,rain,48.5745,0,medium
1638,clear,52.4151,0,high
1814,clear,53.9977,0,high
999,clear,70.0389,0,medium
1376,fog,31.3459,0,medium
1866,clear,45.3739,0,high
1037,rain,51.969,0,medium
1238,fog,42.8371,0,medium
451,clear,78.1452,0,low
1702,clear,43.455,0,high
1836,clear,44.0934,1,high
1488,clear,60.487,0,high
621,clear,76.38,0,medium
211,clear,85.4763,0,low
1412,clear,45.9571,0,high
1127,fog,41.2652,0,medium
179,rain,77.8327,0,low
1257,clear,53.3032,0,medium
1062,clear,65.8968,0,medium
442,fog,60.7103,0,low
1441,fog,41.9605,1,high
1666,clear,66.9838,0,high
1593,clear,55.5443,0,high
607,clear,82.2942,0,medium
712,clear,74.0007,0,medium
649,clear,89.5698,0,medium
1910,clear,46.2059,0,high
1710,clear,53.1783,0,high
1450,snow,20.3375,0,high
200,clear,103.314,0,low
1729,clear,49.2053,0,high
1644,clear,46.9396,0,high
944,clear,71.5617,0,medium
117,clear,106.976,0,low
1662,clear,44.8671,0,high
1108,rain,44.3151,0,medium
879,clear,72.5,0,medium
1568,fog,31.3458,0,high
168,fog,70.0472,0,low
898,rain,58.5824,0,medium
1357,rain,43.9818,0,medium
1611,clear,51.0713,0,high
1449,clear,52.4111,0,high
535,rain,71.7494,0,low
834,clear,73.6509,0,medium
1794,rain,28.7713,0,high
636,clear,87.1983,0,medium
1134,clear,57.2778,0,medium
1609,clear,52.4006,0,high
375,clear,80.4296,0,low
1172,rain,61.6696,0,medium
577,rain,68.7134,0,low
1263,clear,55.9054,0,medium
1062,clear,58.8063,0,medium
1303,rain,38.4903,0,medium
1269,rain,42.4587,0,medium
1838,clear,49.7648,0,high
1175,clear,59.3886,0,medium
1187,clear,67.9242,0,medium
1786,clear,48.0318,0,high
462,clear,81.2693,0,low
802,fog,54.6638,0,medium
1935,clear,46.3688,0,high
1464,clear,55.2065,0,high
981,clear,64.6338,0,medium
1658,rain,32.5613,0,high
1151,clear,74.2637,0,medium
576,clear,83.5607,0,low
1232,fog,41.043,0,medium
1289,clear,57.5777,0,medium
885,fog,46.0139,0,medium
1458,fog,35.6484,0,high
1164,snow,35.4593,0,medium
101,rain,87.5165,0,low
1224,clear,64.8602,0,medium
1425,clear,62.8873,0,high
662,clear,78.3846,0,medium
1778,snow,10.0,0,high
1103,clear,68.429,0,medium
854,rain,59.022,0,medium
1947,clear,38.8162,0,high
1966,rain,28.2831,1,high
453,rain,75.3094,0,low
895,rain,57.894,0,medium
1604,snow,10.0,0,high
715,fog,61.3082,1,medium
1036,clear,58.879,0,medium
1850,clear,55.1364,0,high
577,clear,81.1007,0,low
564,clear,76.6039,0,low
1720,fog,21.9342,0,high
331,clear,97.5109,1,low
1218,clear,64.5612,0,medium
1390,clear,52.9487,0,medium
817,clear,67.126,0,medium
1049,clear,57.6057,0,medium
454,clear,74.3892,0,low
1523,clear,52.829,0,high
732,clear,73.4367,0,medium
1121,clear,61.4516,0,medium
1178,clear,69.6015,0,medium
1517,clear,47.7411,0,high
1748,fog,31.0179,0,high
1178,clear,68.2316,0,medium
308,rain,69.1254,0,low
684,clear,79.1029,0,medium
1733,clear,55.2474,0,high
903,clear,71.3968,0,medium
1447,fog,27.3754,0,high
422,clear,96.888,0,low
1081,clear,63.3754,0,medium
1295,rain,48.4512,0,medium
280,rain,83.4966,0,low
1027,clear,69.6354,0,medium
559,clear,79.343,0,low
1653,rain,41.2194,0,high
1181,rain,45.4445,0,medium
303,clear,86.2784,0,low
990,rain,54.0006,0,medium
1712,clear,48.5927,0,high
1205,clear,63.3099,0,medium
1943,rain,31.5017,0,high
1240,clear,53.9885,0,medium
1726,clear,51.9297,0,high
1128,clear,65.9762,0,medium
1560,snow,21.3764,0,high
854,snow,33.9123,0,medium
1272,clear,60.7218,0,medium
1078,clear,64.6376,0,medium
816,rain,53.5963,0,medium
298,clear,97.8738,0,low
862,clear,76.3506,0,medium
830,snow,40.027,0,medium
873,fog,43.1619,0,medium
1962,clear,42.4153,0,high
374,rain,81.4538,0,low
1170,clear,69.8586,0,medium
1216,clear,59.1918,0,medium
198,clear,94.9172,0,low
213,clear,98.8324,0,low
1534,fog,28.8652,1,high
1315,rain,53.4699,0,medium
996,clear,76.6914,0,medium
546,rain,74.2475,0,low
534,clear,86.168,0,low
449,clear,87.2452,0,low
876,clear,79.3608,0,medium
279,clear,86.8349,0,low
1832,rain,34.4221,0,high
1595,fog,31.5491,0,high
626,fog,58.1944,0,medium
228,rain,70.6029,0,low
759,rain,65.1673,0,medium
539,clear,77.451,0,low
486,rain,73.046,0,low
1897,clear,32.5848,0,high
444,clear,86.8977,0,low
718,fog,44.3982,0,medium
103,clear,100.8283,0,low
437,clear,82.1005,0,low
451,fog,58.5092,0,low
166,clear,97.8833,0,low
932,clear,70.7627,0,medium
801,fog,56.413,0,medium
1635,fog,28.7443,0,high
1387,fog,32.9692,0,medium
1693,clear,54.0129,0,high
492,rain,62.4059,0,low
361,rain,72.396,0,low
1359,clear,56.9453,0,medium
922,clear,76.5673,0,medium
1390,clear,58.8467,0,medium
377,fog,64.4482,0,low
528,clear,84.2269,0,low
507,clear,84.96,0,low
560,clear,90.2127,0,low
1643,fog,26.0713,0,high
1213,clear,60.2163,0,medium
392,rain,76.6105,0,low
1192,clear,49.4384,0,medium
1834,clear,49.0984,0,high
1639,clear,51.9023,0,high
501,clear,81.6141,0,low
1811,clear,45.9555,0,high
1634,clear,48.2346,0,high
441,rain,77.1942,0,low
957,clear,66.4476,0,medium
495,fog,57.6659,0,low
968,clear,60.9832,0,medium
1282,clear,56.9647,0,medium
1103,clear,68.6913,0,medium
1791,clear,57.0332,0,high
1019,clear,60.795,0,medium
872,clear,62.8164,0,medium
703,clear,74.2099,0,medium
363,snow,55.6038,0,low
850,clear,76.5103,0,medium
520,clear,89.2833,0,low
1875,rain,32.063,0,high
1188,clear,66.8072,0,medium
590,rain,75.1825,0,low
876,clear,68.4411,0,medium
1933,rain,22.6942,0,high
1425,fog,34.1902,0,high
1018,clear,73.1785,0,medium
336,clear,83.5119,0,low
748,rain,64.405,0,medium
936,fog,43.8334,0,medium
568,clear,74.785,0,low
1642,clear,51.6313,0,high
269,fog,53.249,0,low
1076,rain,57.734,0,medium
805,clear,74.1478,0,medium
1100,rain,49.6626,0,medium
1370,rain,41.3208,0,medium
894,clear,77.4219,0,medium
1532,clear,43.5795,0,high
587,clear,87.902,0,low
408,fog,74.6163,0,low
1162,clear,78.9461,0,medium
1725,fog,22.8311,0,high
1025,fog,42.1629,0,medium
668,clear,82.6195,0,medium
1051,clear,66.8343,0,medium
326,clear,92.5629,0,low
1602,snow,14.7008,0,high
1662,clear,52.2801,0,high
1579,fog,28.5934,0,high
1047,clear,59.3801,0,medium
1122,clear,58.1783,0,medium
1422,rain,43.9869,0,high
1563,fog,21.6727,1,high
1185,clear,63.9324,0,medium
500,fog,58.2825,0,low
884,clear,83.8777,0,medium
482,clear,86.0726,0,low
1371,fog,32.2781,0,medium
1641,clear,48.7039,0,high
1384,clear,64.0549,0,medium
1819,rain,36.1181,0,high
1529,clear,56.0633,0,high
1073,clear,75.5003,0,medium
1178,clear,62.2107,0,medium
1767,clear,52.5975,0,high
1730,fog,22.6136,0,high
410,clear,83.6621,0,low
454,clear,88.0332,0,low
1894,clear,36.6753,0,high
1989,clear,45.1321,0,high
734,clear,80.9109,0,medium
1790,rain,30.095,0,high
308,fog,67.2144,0,low
1174,snow,33.9958,0,medium
825,clear,76.1607,0,medium
358,snow,60.5807,0,low
956,clear,66.8317,0,medium
1658,clear,46.9622,0,high
722,clear,74.1296,0,medium
528,clear,85.178,0,low
1570,clear,55.9842,0,high
541,clear,89.9636,0,low
596,clear,90.4215,0,low
1155,rain,54.0225,0,medium
1413,rain,37.2814,0,high
1799,clear,38.4323,0,high
1422,clear,55.7563,0,high
204,clear,93.5001,0,low
179,fog,71.9829,0,low
405,clear,94.092,0,low
1290,rain,49.6808,0,medium
1384,snow,28.1965,0,medium
1715,fog,26.1281,0,high
241,clear,92.347,0,low
1400,rain,40.9462,0,medium
381,clear,73.9351,0,low
1028,rain,48.368,0,medium
158,fog,75.0656,1,low
1180,clear,68.8007,0,medium
303,fog,67.4777,0,low
352,clear,93.1602,0,low
751,clear,82.7093,0,medium
1117,clear,67.6308,0,medium
823,clear,80.9985,1,medium
1631,clear,58.3949,0,high
993,snow,48.9235,0,medium
1847,clear,41.357,0,high
499,clear,94.0984,0,low
147,rain,81.1154,0,low
1012,clear,65.6337,0,medium
844,clear,79.6423,0,medium
1826,fog,23.5386,1,high
1211,clear,58.2622,0,medium
521,clear,81.1247,0,low
126,clear,93.8931,0,low
216,rain,71.9753,0,low
1335,rain,49.0439,0,medium
954,rain,57.3016,0,medium
1638,fog,28.3448,0,high
1039,rain,57.5058,0,medium
1940,clear,40.9492,0,high
1104,clear,71.1098,0,medium
278,fog,59.717,0,low
1835,clear,51.2594,0,high
456,clear,82.9826,0,low
720,clear,76.2964,0,medium
451,fog,62.0868,1,low
1710,snow,11.0369,0,high
250,rain,73.5791,0,low
215,rain,81.6512,0,low
898,clear,68.02,0,medium
579,rain,74.4195,0,low
1583,clear,57.8296,0,high
986,rain,55.4404,0,medium
1940,rain,23.8993,0,high
898,fog,41.3615,0,medium
185,clear,99.5549,0,low
1712,fog,23.0806,0,high
1540,snow,17.882,0,high
1089,clear,63.684,0,medium
160,rain,73.5627,0,low
188,rain,72.8209,0,low
838,clear,73.2845,0,medium
1188,clear,54.5957,0,medium
1844,fog,19.0827,0,high
1082,clear,68.9126,0,medium
1408,clear,45.6065,0,high
1329,clear,61.6715,0,medium
991,clear,63.8595,0,medium
385,clear,94.9668,1,low
1811,clear,47.018,0,high
1371,fog,37.1055,0,medium
678,clear,75.6876,0,medium
836,clear,72.2227,0,medium
1955,clear,46.8444,0,high
629,rain,62.5959,0,medium
1561,clear,52.0867,0,high
981,clear,68.2201,0,medium
468,fog,61.6896,0,low
199,fog,76.2971,0,low
1220,rain,43.7907,0,medium
847,clear,72.1022,0,medium
871,snow,34.5928,1,medium
1901,clear,44.9743,0,high
870,clear,82.7204,0,medium
297,fog,63.8322,0,low
721,clear,70.2934,0,medium
1763,fog,15.7962,0,high
145,clear,102.1274,0,low
871,clear,66.0761,0,medium
1320,fog,31.4409,0,medium
856,clear,75.7606,0,medium
1426,rain,46.032,0,high
980,clear,68.0234,0,medium
1613,clear,52.6915,0,high
1364,clear,68.7648,0,medium
1768,clear,53.3885,0,high
1089,clear,68.9674,0,medium
608,clear,91.2478,0,medium
903,clear,74.2525,0,medium
141,fog,64.8751,0,low
295,clear,92.9065,0,low
1027,rain,57.1217,0,medium
1782,rain,34.6698,0,high
369,clear,91.3974,0,low
848,clear,75.4919,0,medium
485,rain,74.1437,0,low
1500,rain,34.8578,0,high
384,clear,87.8246,0,low
353,clear,91.4356,0,low
1328,clear,57.9008,0,medium
1688,clear,49.5641,0,high
750,rain,68.8678,0,medium
1282,snow,28.7282,0,medium
1428,clear,58.0068,0,high
1056,fog,43.6145,0,medium
1858,clear,49.0163,0,high
1199,rain,52.011,0,medium
1447,clear,66.6356,0,high
1825,snow,18.1648,1,high
738,clear,76.8505,0,medium
1895,clear,47.8977,0,high
1189,snow,19.7095,1,medium
1090,clear,65.1519,0,medium
587,clear,79.2982,0,low
1682,clear,41.8772,0,high
233,fog,64.9906,0,low
138,rain,77.5124,0,low
1992,clear,43.5408,0,high
1178,rain,45.7376,0,medium
865,clear,74.6601,0,medium
157,clear,97.3739,0,low
149,rain,76.3536,0,low
1053,clear,66.9228,0,medium
1749,fog,31.7897,0,high
791,snow,46.7079,0,medium
723,clear,82.3939,0,medium
475,fog,57.5014,0,low
890,clear,78.5946,0,medium
1553,clear,52.5994,0,high
1306,fog,33.0679,0,medium
447,clear,86.4801,0,low
461,clear,85.4536,0,low
1639,clear,54.6299,0,high
641,clear,88.4446,0,medium
1788,clear,49.0542,0,high
723,snow,48.7274,0,medium
419,clear,85.9581,0,low
1800,snow,10.0,1,high
1891,clear,43.2818,0,high
352,fog,57.9515,0,low
1411,clear,59.9211,0,high
1762,snow,15.1144,1,high
1122,fog,37.7,0,medium
1950,clear,39.2457,0,high
1305,clear,61.2346,0,medium
1425,rain,44.9543,0,high
1942,clear,39.4701,0,high
1810,rain,33.1875,0,high
145,clear,90.9663,0,low
1693,rain,32.762,0,high
220,clear,94.2534,0,low
670,clear,83.9246,0,medium
1082,clear,72.132,0,medium
1486,clear,50.5138,0,high
1294,fog,39.952,0,medium
444,clear,88.8089,0,low
736,clear,76.3483,0,medium
571,fog,61.5628,0,low
753,fog,59.0962,0,medium
824,clear,69.8701,0,medium
1676,snow,16.8125,0,high
1309,rain,51.7032,0,medium
1964,snow,10.0,1,high
893,clear,77.3142,0,medium
169,snow,60.1855,0,low
868,rain,64.515,0,medium
478,clear,92.3226,0,low
474,rain,72.4297,0,low
186,rain,74.2206,1,low
491,rain,67.4174,0,low
1196,clear,62.2873,0,medium
1611,clear,45.7533,0,high
625,clear,72.9516,0,medium
157,clear,96.3096,0,low
1147,fog,41.2655,0,medium
1153,rain,60.7946,0,medium
209,fog,74.3129,1,low
870,clear,77.3466,0,medium
1893,rain,24.2623,0,high
677,snow,42.1509,0,medium
1801,fog,21.9785,0,high
1450,fog,27.9572,0,high
397,clear,88.7911,0,low
1618,clear,47.7719,0,high
717,rain,58.5908,0,medium
735,fog,49.7615,0,medium
1411,clear,59.0241,0,high
1304,clear,61.1032,0,medium
427,clear,86.2004,0,low
1712,clear,47.6935,0,high
1326,clear,58.6563,0,medium
914,clear,76.3014,0,medium
218,clear,88.9159,0,low
1841,clear,44.5707,0,high
209,clear,96.8331,0,low
593,clear,87.7371,0,low
594,clear,81.4906,0,low
1563,clear,57.1185,0,high
1701,clear,50.2534,0,high
1034,clear,62.1023,0,medium
1489,clear,61.2446,0,high
613,clear,78.7621,0,medium
1584,clear,55.0311,0,high
1778,clear,54.659,0,high
631,clear,83.7487,0,medium
1383,clear,47.154,0,medium
1138,clear,68.758,0,medium
1710,clear,48.815,0,high
363,clear,85.0809,0,low
349,rain,73.2449,0,low
1816,rain,33.7372,0,high
1777,fog,13.515,0,high
1086,clear,69.1101,0,medium
1754,rain,37.1886,0,high
1390,fog,29.5424,0,medium
1459,clear,50.8302,0,high
666,rain,61.772,0,medium
433,clear,89.684,0,low
944,clear,68.715,0,medium
806,clear,79.8023,0,medium
1432,clear,53.6842,0,high
1717,rain,25.2412,0,high
289,clear,88.9617,0,low
618,fog,64.0654,0,medium
270,clear,84.8374,0,low
678,clear,74.82,0,medium
1243,clear,54.8365,0,medium
883,clear,77.3882,0,medium
1408,rain,37.682,0,high
756,rain,62.9133,0,medium
1880,clear,44.6146,0,high
836,clear,80.284,0,medium
1526,clear,47.0914,0,high
510,rain,71.3471,0,low
1407,fog,27.3517,0,high
757,rain,58.3103,0,medium
1862,fog,12.7638,0,high
461,fog,64.5504,0,low
1274,rain,45.2921,0,medium
1676,clear,52.6501,0,high
654,clear,82.7031,0,medium
1873,rain,31.05,0,high
386,clear,87.8036,0,low
438,clear,92.6764,0,low
1316,fog,28.9138,0,medium
1770,clear,43.5855,0,high
1204,fog,33.6121,0,medium
332,clear,88.7142,0,low
744,clear,70.4263,0,medium
245,clear,99.1377,0,low
1054,clear,71.5978,0,medium
1101,clear,79.1731,0,medium
1263,clear,51.1207,0,medium
1676,snow,14.4579,0,high
337,fog,54.1375,1,low
205,rain,81.2337,0,low
1349,rain,44.6112,0,medium
111,rain,84.5109,0,low
214,clear,87.5372,0,low
262,rain,75.7553,1,low
640,clear,71.0079,0,medium
417,clear,82.2403,0,low
1215,fog,36.7572,0,medium
1673,fog,24.7409,0,high
503,rain,68.2216,0,low
1971,rain,23.2773,0,high
1182,clear,67.9353,0,medium
538,clear,82.0642,0,low
218,clear,90.3487,0,low
291,clear,85.5379,0,low
1014,fog,40.6108,0,medium
568,clear,79.1432,0,low
787,rain,70.5567,0,medium
148,clear,94.2309,0,low
823,clear,78.6546,1,medium
307,rain,79.9955,0,low
1819,clear,52.6129,0,high
1295,clear,59.9684,0,medium
523,rain,84.4036,1,low
1615,clear,46.231,0,high
675,fog,60.3449,0,medium
1905,clear,49.1828,0,high
1569,fog,35.6051,0,high
912,clear,60.6279,0,medium
1465,clear,51.0958,0,high
1605,clear,48.6987,0,high
1107,fog,40.8473,0,medium
224,clear,97.314,0,low
1986,rain,28.5983,0,high
609,clear,87.6255,0,medium
1987,clear,36.9936,0,high
1060,clear,67.6762,0,medium
1354,clear,51.9461,0,medium
1403,snow,10.0,0,high
1025,clear,75.4615,0,medium
1753,clear,47.5656,0,high
1895,clear,46.4073,0,high
737,clear,80.7707,0,medium
557,fog,72.6814,0,low
1253,fog,34.6534,0,medium
592,clear,71.578,0,low
388,clear,98.3936,0,low
1225,clear,63.3001,0,medium
1154,rain,52.7143,0,medium
1898,clear,31.6878,0,high
502,rain,65.028,0,low
1416,clear,44.8523,0,high
1590,clear,51.1057,0,high
164,clear,100.3139,0,low
1208,clear,54.5066,0,medium
780,clear,66.9018,0,medium
1466,clear,59.9135,0,high
1227,clear,57.0821,0,medium
1172,snow,29.309,0,medium
670,rain,68.0492,0,medium
535,rain,72.7789,0,low
1782,clear,55.916,0,high
978,rain,57.5853,0,medium
1516,fog,19.1166,0,high
1307,clear,62.0224,0,medium
560,fog,59.1515,0,low
1258,snow,34.9438,0,medium
1439,clear,57.611,0,high
1892,rain,29.1056,0,high
1961,clear,48.6011,0,high
184,clear,98.0108,0,low
292,clear,92.1164,0,low
485,clear,89.9252,0,low
988,fog,47.8666,0,medium
446,clear,89.779,0,low
1412,clear,45.0394,0,high
799,clear,81.2635,0,medium
1013,fog,36.7153,0,medium
745,clear,77.2476,0,medium
565,clear,87.7748,0,low
1265,clear,60.1192,0,medium
1896,clear,43.1831,0,high
1108,fog,40.2191,0,medium
1569,clear,54.1079,0,high
297,rain,77.7547,0,low
888,clear,68.3371,0,medium
1835,clear,42.2757,0,high
875,clear,81.4152,0,medium
1209,clear,55.0258,0,medium
581,rain,63.3931,0,low
1826,rain,30.918,0,high
904,clear,72.8415,0,medium
866,clear,73.1958,0,medium
795,rain,63.4041,0,medium
1829,clear,48.9695,0,high
1836,clear,40.1372,0,high
865,clear,81.5314,0,medium
560,clear,94.7125,0,low
842,clear,75.1599,0,medium
934,fog,42.4754,0,medium
1972,rain,20.4802,0,high
1454,clear,57.7286,0,high
799,clear,73.1282,0,medium
206,clear,86.5094,0,low
706,clear,75.7487,0,medium
1645,clear,51.4092,0,high
1478,fog,28.2948,0,high
762,fog,43.2828,0,medium
903,clear,75.283,0,medium
670,rain,67.8734,0,medium
949,clear,76.1106,0,medium
1884,clear,38.5197,0,high
142,fog,73.8941,0,low
345,clear,91.6515,0,low
1724,clear,49.7782,0,high
1439,clear,56.3811,0,high
377,clear,89.0347,0,low
1324,clear,63.8256,0,medium
1965,rain,30.7088,0,high
1764,fog,17.8162,0,high
988,fog,43.0934,0,medium
1526,clear,53.3255,0,high
139,fog,79.9467,0,low
904,clear,78.3394,0,medium
288,rain,81.0999,1,low
129,clear,101.9702,0,low
1716,rain,33.1486,0,high
1638,clear,49.3947,0,high
1241,rain,52.617,0,medium
1684,rain,29.4054,0,high
1959,clear,23.1187,0,high
266,clear,87.2461,0,low
652,rain,60.7516,0,medium
933,fog,51.6326,0,medium
961,clear,67.3713,0,medium
316,clear,88.1364,0,low
718,clear,81.5418,0,medium
1252,fog,37.6184,0,medium
1091,rain,47.3199,0,medium
1396,clear,53.7457,0,medium
1754,clear,45.4396,0,high
447,clear,86.111,0,low
131,rain,81.9616,0,low
1405,clear,70.6544,0,high
1487,fog,27.4307,0,high
1580,rain,33.9157,0,high
1029,rain,57.7301,0,medium
1143,fog,42.6666,0,medium
1456,clear,55.1145,0,high
455,rain,72.9873,0,low
351,clear,92.8989,0,low
1303,rain,50.9804,0,medium
1626,rain,34.8267,0,high
1120,clear,54.839,0,medium
1126,snow,24.4595,0,medium
1331,clear,59.7439,0,medium
517,fog,60.4321,0,low
1786,clear,47.4313,0,high
387,clear,85.3828,0,low
186,rain,79.0464,0,low
690,rain,64.1191,0,medium
243,clear,84.4452,0,low
225,clear,86.5301,0,low
1695,fog,29.755,0,high
1021,clear,62.7626,0,medium
1609,clear,56.4616,0,high
1434,clear,53.1165,0,high
1914,rain,19.822,0,high
1395,rain,46.9522,0,medium
582,clear,79.785,0,low
1597,clear,50.9791,0,high
294,clear,99.8501,0,low
1694,clear,53.3015,0,high
241,clear,89.9315,0,low
1989,clear,47.2347,0,high
1133,clear,58.368,0,medium
297,clear,94.0161,0,low
1056,clear,63.8699,0,medium
766,clear,78.4304,0,medium
1552,clear,55.7758,0,high
185,clear,89.2237,0,low
1628,clear,49.7715,0,high
674,rain,69.266,0,medium
1784,clear,52.1266,0,high
326,clear,81.7053,0,low
1390,rain,36.8869,0,medium
1187,clear,65.1645,0,medium
1596,clear,54.0588,0,high
1876,clear,41.0549,1,high
1927,rain,28.67,0,high
1733,clear,46.2989,0,high
965,clear,64.2468,0,medium
1839,rain,18.9471,0,high
533,clear,79.8052,0,low
184,clear,98.4494,0,low
994,rain,50.7187,0,medium
1322,fog,41.3254,0,medium
1495,clear,52.1991,0,high
285,rain,75.8425,0,low
1655,fog,21.1897,0,high
1003,fog,40.7977,0,medium
725,snow,46.6547,0,medium
602,clear,78.5226,0,medium
1977,fog,16.9641,0,high
296,clear,85.0076,0,low
195,clear,100.7332,0,low
1752,rain,34.9813,0,high
1290,clear,62.803,0,medium
391,clear,92.68,0,low
542,clear,91.8461,0,low
411,clear,87.0192,0,low
1437,clear,64.2442,0,high
424,rain,71.1151,0,low
367,clear,89.0829,0,low
1819,clear,54.5614,0,high
1407,clear,61.3958,0,high
1754,clear,52.8204,0,high
633,clear,93.465,1,medium
109,clear,88.4685,0,low
1364,clear,62.1403,0,medium
1292,snow,23.0164,0,medium
1012,snow,37.9801,0,medium
700,clear,71.915,0,medium
471,fog,60.8318,1,low
1317,fog,34.0582,0,medium
504,rain,69.3502,0,low
887,clear,71.2274,0,medium
259,fog,69.0246,0,low
1144,clear,59.8956,0,medium
600,clear,78.8374,0,low
304,clear,94.3562,0,low
1543,clear,50.8051,0,high
765,rain,59.5904,0,medium
563,clear,85.372,0,low
623,clear,74.841,0,medium
293,clear,90.8004,0,low
1077,clear,70.9433,0,medium
861,clear,70.3566,0,medium
1332,clear,55.0196,0,medium
111,clear,92.0065,0,low
213,clear,90.9974,1,low
841,clear,82.479,0,medium
1600,fog,16.9312,0,high
555,clear,86.5469,0,low
425,fog,66.3691,0,low
926,clear,62.9923,0,medium
594,clear,83.6936,0,low
211,clear,87.4818,0,low
1472,fog,31.7817,0,high
1361,fog,46.3932,0,medium
387,fog,70.5578,0,low
535,clear,89.5537,0,low
1272,rain,46.9669,0,medium
1849,rain,31.3998,0,high
1743,fog,25.2486,0,high
545,rain,69.3399,0,low
1184,rain,41.9994,0,medium
767,clear,75.641,0,medium
263,clear,91.5149,0,low
651,clear,87.1952,0,medium
1104,clear,60.9785,0,medium
1994,clear,43.4306,0,high
1144,clear,68.6011,0,medium
1620,rain,34.6126,0,high
994,clear,67.0852,0,medium
705,clear,81.136,0,medium
354,rain,80.531,0,low
760,rain,60.4634,0,medium
1159,clear,67.6478,0,medium
658,clear,78.9697,0,medium
417,clear,89.9039,0,low
1773,clear,40.2012,0,high
429,clear,88.6888,0,low
1146,clear,64.583,0,medium
859,fog,61.2708,1,medium
1424,clear,59.255,0,high
877,clear,72.0457,0,medium
1382,clear,64.8403,0,medium
529,clear,88.6731,0,low
967,fog,40.5656,0,medium
707,clear,93.5047,0,medium
581,clear,83.1674,0,low
186,clear,100.1388,0,low
599,clear,84.5315,0,low
414,clear,86.9709,0,low
617,fog,55.4469,0,medium
1306,clear,54.5336,0,medium
1652,rain,35.1974,0,high
1329,clear,64.8168,0,medium
1737,rain,31.6942,0,high
192,clear,99.5657,0,low
1024,rain,65.0913,0,medium
888,clear,76.5273,0,medium
1639,clear,48.5955,0,high
1208,clear,55.4137,0,medium
658,rain,65.1736,0,medium
590,fog,48.3661,0,low
1749,clear,46.5663,0,high
1863,fog,19.5521,0,high
142,clear,97.0221,0,low
1306,fog,32.8462,0,medium
535,clear,86.8081,0,low
1228,clear,61.564,0,medium
1050,clear,72.5257,0,medium
481,clear,75.64,0,low
1272,clear,60.6041,0,medium
696,clear,79.0075,0,medium
823,fog,47.4109,0,medium
1437,clear,52.9204,0,high
1421,rain,38.8721,0,high
1219,clear,54.9565,0,medium
146,clear,90.6918,0,low
1040,clear,73.2828,0,medium
1114,clear,70.3932,0,medium
1653,clear,48.6299,0,high
589,clear,77.4125,0,low
1686,rain,28.744,0,high
871,fog,53.3365,0,medium
1549,clear,47.4447,0,high
1660,clear,50.5339,0,high
1454,clear,60.823,0,high
170,rain,91.0358,0,low
1856,clear,41.8944,0,high
1685,clear,49.475,0,high
352,clear,93.417,0,low
137,snow,60.6391,0,low
139,clear,98.7021,0,low
1696,clear,49.858,0,high
696,rain,61.7573,0,medium
1796,rain,40.5593,0,high
170,clear,91.3342,0,low
1802,rain,22.7478,0,high
705,fog,54.8489,0,medium
699,clear,78.3316,0,medium
1784,clear,44.5655,0,high
412,clear,88.4547,0,low
1957,clear,42.4217,0,high
1582,fog,38.9391,0,high
1162,fog,39.8968,0,medium
1206,clear,59.785,0,medium
1215,fog,40.9836,0,medium
1648,fog,25.0923,0,high
1809,clear,45.756,0,high
102,clear,94.7237,0,low
1168,clear,67.1621,0,medium
229,clear,96.6902,0,low
327,snow,62.6997,0,low
245,snow,50.2422,0,low
994,rain,52.309,0,medium
1872,rain,29.8481,0,high
1212,rain,48.0435,0,medium
379,rain,74.8321,0,low
891,rain,61.038,0,medium
659,clear,72.454,0,medium
1292,fog,41.5211,0,medium
389,clear,84.5306,0,low
1352,fog,40.9808,0,medium
726,clear,70.6264,0,medium
1700,clear,51.9185,0,high
1122,fog,36.6636,0,medium
1041,clear,71.1188,0,medium
604,fog,56.3436,1,medium
1484,clear,62.7933,0,high
1096,rain,57.7554,1,medium
1097,fog,44.5153,0,medium
970,clear,69.3839,0,medium
1362,clear,59.1563,0,medium
1076,clear,65.4974,0,medium
1680,fog,27.383,0,high
274,clear,94.0326,1,low
1954,clear,40.2461,0,high
686,clear,86.3598,0,medium
296,rain,77.6524,0,low
894,rain,50.4486,0,medium
1580,rain,39.2816,0,high
993,clear,78.1318,0,medium
1632,fog,28.3159,0,high
122,clear,95.4367,0,low
922,clear,65.0876,0,medium
1121,fog,42.9911,0,medium
1308,clear,61.7096,0,medium
1734,clear,41.0005,0,high
143,fog,75.7193,0,low
1240,clear,59.1793,0,medium
1845,fog,22.8043,0,high
346,clear,85.6825,0,low
1759,clear,43.4002,0,high
1412,rain,39.884,0,high
838,clear,82.6458,0,medium
1486,clear,62.8361,0,high
809,rain,63.9025,0,medium
102,clear,92.9677,0,low
1281,fog,33.1125,0,medium
560,clear,85.5764,0,low
1149,rain,55.1675,0,medium
1089,snow,35.9535,1,medium
206,fog,75.3747,1,low
1272,fog,40.0673,0,medium
1968,clear,39.2776,0,high
860,clear,66.7816,0,medium
1904,fog,12.9955,0,high
436,clear,83.3162,0,low
386,fog,71.1573,0,low
1670,clear,47.3826,0,high
1656,fog,21.472,0,high
1933,clear,34.8494,0,high
520,clear,86.4011,0,low
1985,clear,39.2699,0,high
1376,clear,57.4319,0,medium
548,rain,67.8291,0,low
1398,clear,54.7477,0,medium
1112,fog,41.869,0,medium
1626,snow,10.0,0,high
1946,clear,31.5197,0,high
956,fog,44.9201,0,medium
1940,rain,23.675,0,high
1795,clear,42.4609,0,high
1382,fog,30.704,0,medium
1964,fog,16.2758,0,high
1568,clear,51.6633,0,high
1075,clear,72.0924,0,medium
754,clear,76.5846,0,medium
833,clear,75.1599,0,medium
1738,snow,14.5743,0,high
1135,clear,71.8912,0,medium
796,rain,67.1381,0,medium
1090,clear,64.2783,0,medium
1316,fog,36.7441,0,medium
1525,rain,38.8968,0,high
1295,clear,56.0327,0,medium
845,clear,81.0246,0,medium
1184,clear,60.7447,0,medium
1987,snow,10.0,0,high
1932,rain,22.6427,0,high
1513,clear,50.3535,0,high
1365,clear,59.1193,0,medium
669,clear,82.9619,0,medium
1540,snow,17.6909,1,high
1807,clear,45.828,0,high
1417,fog,28.5125,0,high
1857,clear,41.2171,0,high
1886,fog,25.7696,0,high
968,clear,74.5597,0,medium
991,clear,67.7661,0,medium
1228,rain,39.7722,0,medium
1972,clear,40.7752,0,high
441,clear,88.5883,0,low
352,snow,49.3139,0,low
1916,clear,43.7361,0,high
1388,rain,37.5234,0,medium
1991,fog,15.1524,0,high
1727,clear,59.7143,0,high
1262,snow,24.9339,0,medium
673,clear,79.2993,0,medium
186,rain,79.7536,0,low
1012,clear,69.8025,0,medium
1635,clear,52.7011,0,high
1227,rain,54.0472,0,medium
953,clear,77.198,0,medium
836,rain,63.1415,0,medium
1840,clear,43.339,0,high
1080,clear,58.4407,0,medium
1054,snow,30.5019,1,medium
1834,fog,16.6402,0,high
1458,rain,38.1195,0,high
907,rain,54.5677,0,medium
385,clear,80.6935,0,low
307,clear,93.4716,0,low
254,rain,77.8285,1,low
1973,fog,16.4581,0,high
1600,clear,56.2477,0,high
248,clear,92.1934,0,low
1734,clear,50.4145,0,high
1197,snow,33.1426,0,medium
402,rain,70.5789,0,low
231,rain,79.9951,1,low
639,clear,79.3635,0,medium
1128,clear,63.6007,0,medium
1592,clear,36.644,0,high
1484,clear,47.8621,0,high
247,clear,104.109,0,low
1405,snow,11.4026,0,high
1352,clear,58.7058,0,medium
1525,clear,64.47,0,high
1582,rain,48.9984,1,high
1419,clear,52.901,0,high
1184,rain,53.5597,0,medium
143,rain,81.9531,1,low
501,clear,82.2268,0,low
1471,clear,57.3512,0,high
1392,fog,32.2758,0,medium
1650,clear,53.9829,0,high
1782,clear,42.5694,0,high
438,clear,85.8761,0,low
209,fog,67.026,0,low
459,clear,76.5226,0,low
734,fog,54.8414,0,medium
1610,clear,44.2354,0,high
1831,clear,43.4866,0,high
1107,rain,48.2269,0,medium
711,clear,82.5463,0,medium
1545,rain,41.0185,1,high
909,rain,61.4392,0,medium
671,clear,73.8903,0,medium
224,fog,68.6393,0,low
616,clear,81.577,0,medium
853,clear,77.7174,0,medium
1360,clear,53.4875,0,medium
1927,clear,39.6386,0,high
1991,fog,10.5292,0,high
996,clear,73.938,0,medium
1082,rain,51.673,0,medium
1027,clear,72.7687,0,medium
778,clear,78.5738,0,medium
965,clear,73.2886,0,medium
862,clear,76.1933,0,medium
1108,rain,60.4537,0,medium
1933,clear,47.9948,0,high
1171,clear,64.1438,0,medium
1724,rain,27.4202,0,high
297,fog,70.1252,0,low
227,rain,83.6482,0,low
1630,clear,47.2789,0,high
628,rain,74.6294,0,medium
1876,snow,12.6766,0,high
484,clear,85.1385,0,low
463,clear,86.7154,0,low
1978,clear,41.1807,0,high
1893,clear,37.0261,0,high
1643,clear,53.9286,0,high
1514,clear,47.7805,0,high
1527,clear,53.8312,0,high
101,clear,103.9431,0,low
223,snow,56.0611,1,low
122,rain,88.3865,0,low
925,rain,62.4372,0,medium
1097,rain,50.012,0,medium
728,fog,59.1782,1,medium
881,rain,55.7448,0,medium
1134,rain,47.1875,0,medium
1751,clear,49.4169,0,high
791,rain,57.4633,0,medium
1134,clear,69.4339,0,medium
1511,fog,27.517,0,high
567,fog,54.1224,0,low
429,snow,49.2149,1,low
1578,rain,39.0258,0,high
211,clear,92.5016,0,low
1089,clear,64.0457,0,medium
462,clear,91.8608,0,low
1975,clear,46.19,0,high
379,fog,64.1699,0,low
117,clear,92.7918,0,low
918,clear,78.5172,0,medium
1418,fog,36.772,0,high
345,fog,58.9989,0,low
1555,clear,64.8333,0,high
1314,clear,59.1671,0,medium
1164,rain,54.798,0,medium
1966,rain,33.0488,0,high
1516,rain,39.2026,0,high
274,clear,105.3643,0,low
272,clear,85.6476,0,low
200,clear,87.9913,0,low
511,clear,81.2095,0,low
453,clear,90.2174,0,low
1877,clear,52.5203,0,high
1238,snow,17.2069,0,medium
1354,rain,42.9993,0,medium
1930,clear,45.797,0,high
961,fog,45.8894,0,medium
1649,clear,49.051,0,high
298,clear,86.8221,0,low
491,rain,76.585,0,low
483,clear,87.3061,0,low
1039,clear,66.5153,0,medium
819,clear,74.5602,0,medium
862,rain,61.6373,0,medium
1611,rain,30.742,0,high
1594,clear,49.6949,0,high
1899,snow,10.0,0,high
1100,clear,66.9263,0,medium
1149,clear,65.6506,0,medium
1365,fog,35.8611,0,medium
454,clear,91.6615,0,low
980,snow,38.4195,0,medium
1242,clear,51.1826,0,medium
1540,clear,55.9739,0,high
1253,clear,64.6424,0,medium
1728,fog,29.2398,0,high
1959,rain,26.6043,0,high
929,clear,77.2473,0,medium
1016,clear,68.246,0,medium
1423,clear,49.0451,0,high
687,clear,76.0616,0,medium
870,clear,74.5019,0,medium
1882,rain,29.3656,0,high
1446,clear,47.2595,0,high
1223,clear,61.3183,0,medium
441,clear,87.467,0,low
1086,clear,67.016,0,medium
816,rain,61.1901,0,medium
1527,rain,36.5701,0,high
485,clear,93.3603,0,low
1278,snow,31.4886,1,medium
1037,clear,71.2225,0,medium
138,clear,92.6678,0,low
838,fog,50.1449,0,medium
1700,clear,45.297,0,high
1760,clear,49.8113,0,high
1200,clear,54.1871,0,medium
1782,clear,37.6566,0,high
511,clear,90.5595,0,low
782,clear,79.9676,0,medium
1209,clear,62.44,0,medium
1580,rain,41.4888,0,high
1108,fog,44.1679,0,medium
1224,clear,68.6752,0,medium
953,clear,67.7752,0,medium
1456,clear,56.1088,0,high
493,rain,69.6922,0,low
620,clear,90.8787,0,medium
1025,rain,53.7436,0,medium
1685,rain,34.9095,0,high
1850,rain,31.9706,0,high
354,clear,81.3681,0,low
1459,rain,42.2619,0,high
1009,snow,34.2264,0,medium
1721,rain,30.252,0,high
688,clear,81.3698,0,medium
1682,clear,52.3618,0,high
160,fog,67.2792,0,low
925,rain,58.8123,0,medium
952,snow,36.5008,0,medium
218,clear,97.1298,0,low
306,clear,92.6595,0,low
1349,fog,35.9277,0,medium
268,clear,96.4829,0,low
1572,clear,52.0541,0,high
360,fog,59.1563,0,low
1448,fog,25.4617,0,high
1691,rain,40.0398,0,high
1058,fog,40.4287,0,medium
1061,fog,46.0928,0,medium
311,clear,89.659,0,low
1971,rain,24.8377,0,high
1680,clear,50.5796,0,high
205,rain,76.6471,0,low
565,clear,82.5751,0,low
1492,clear,55.3411,0,high
323,rain,78.805,0,low
1870,rain,27.8461,0,high
1207,fog,42.9324,0,medium
1187,clear,68.0764,0,medium
1474,clear,55.9222,0,high
599,clear,82.9624,0,low
1036,clear,69.3909,0,medium
1283,fog,38.4749,0,medium
811,rain,70.2626,0,medium
609,rain,68.6624,0,medium
309,rain,75.1554,0,low
1462,clear,56.8314,0,high
1923,clear,42.3942,0,high
1220,clear,64.4475,0,medium
893,clear,71.5526,0,medium
1418,rain,48.4535,0,high
1813,rain,26.4827,0,high
867,fog,49.801,0,medium
873,fog,51.2343,0,medium
1044,rain,46.5671,0,medium
1622,clear,50.5106,0,high
457,clear,78.5728,0,low
225,rain,75.4235,0,low
602,clear,82.2593,0,medium
1829,clear,47.7759,0,high
1831,clear,44.8817,0,high
370,clear,107.4339,0,low
1523,rain,34.4412,0,high
159,rain,77.9719,0,low
1754,clear,43.4538,0,high
1343,rain,45.5041,0,medium
1872,clear,40.8624,0,high
1731,clear,51.6417,0,high
1800,rain,37.8862,0,high
657,clear,76.7773,0,medium
1747,clear,41.9837,0,high
218,clear,95.0091,0,low
1471,clear,63.4161,0,high
1919,rain,26.2616,0,high
1165,clear,67.4847,0,medium
592,clear,91.1122,0,low
714,fog,58.5888,0,medium
1509,rain,40.8963,0,high
1303,fog,37.2427,0,medium
1471,fog,26.8141,0,high
393,fog,64.1581,1,low
459,clear,87.4175,0,low
677,clear,87.5084,0,medium
1305,fog,26.9845,0,medium
290,clear,90.2636,0,low
1494,clear,61.0804,0,high
476,clear,86.7917,0,low
856,rain,60.9027,0,medium
1828,clear,43.3081,0,high
1791,snow,15.3418,0,high
600,fog,49.2514,0,low
1610,rain,38.2696,0,high
1778,fog,20.6628,0,high
874,fog,45.6154,0,medium
810,clear,77.8626,0,medium
865,clear,75.8604,0,medium
231,fog,61.3197,0,low
734,rain,67.9515,0,medium
1335,clear,59.2628,0,medium
1816,clear,48.3171,0,high
1487,snow,14.8828,0,high
1234,clear,63.183,0,medium
1243,clear,58.7778,0,medium
1889,clear,43.4345,0,high
1466,clear,58.5147,0,high
282,fog,57.6681,0,low
1022,fog,42.9402,0,medium
718,fog,40.9203,0,medium
1343,rain,49.6977,0,medium
904,fog,52.2753,0,medium
1928,rain,24.0823,0,high
777,clear,77.4028,0,medium
1151,clear,65.8624,0,medium
1554,snow,12.5341,0,high
199,rain,79.0768,0,low
684,clear,85.776,0,medium
1291,fog,34.0146,0,medium
1297,snow,28.6879,0,medium
1346,fog,27.8037,0,medium
1728,clear,39.2388,0,high
1100,rain,54.8115,0,medium
969,clear,64.5759,0,medium
1357,clear,57.0433,0,medium
1562,clear,59.4861,0,high
1613,clear,40.2396,0,high
404,clear,83.9086,0,low
1036,clear,60.6961,0,medium
185,clear,95.3713,0,low
242,fog,76.5886,0,low
484,clear,89.4054,0,low
245,clear,93.2603,0,low
839,rain,66.5384,0,medium
1533,clear,58.3024,0,high
834,clear,72.453,0,medium
483,clear,86.6896,0,low
999,clear,68.9466,0,medium
892,clear,76.839,0,medium
1552,rain,33.5937,0,high
1725,clear,49.4019,0,high
1031,clear,64.0231,0,medium
1748,clear,46.4883,0,high
1776,clear,57.4778,0,high
367,clear,88.7685,0,low
367,clear,87.8078,0,low
285,clear,91.5625,0,low
307,clear,81.3792,0,low
471,clear,87.8819,0,low
1141,clear,62.6774,0,medium
1847,rain,36.5226,0,high
397,fog,67.1748,0,low
1897,clear,41.7594,0,high
1708,fog,24.6393,1,high
570,clear,82.4078,0,low
144,clear,95.9878,0,low
1445,clear,60.0564,0,high
1333,clear,63.1612,0,medium
1779,rain,28.9873,0,high
1856,clear,39.1209,0,high
1412,rain,41.7552,0,high
1822,clear,42.0154,0,high
1776,clear,49.1261,0,high
172,clear,98.4026,0,low
248,fog,69.7582,0,low
1150,clear,65.3951,0,medium
1427,clear,49.8107,0,high
1504,clear,53.9693,0,high
1945,clear,40.6216,0,high
1461,clear,47.3214,0,high
1029,rain,54.0758,0,medium
1378,clear,52.8218,0,medium
459,fog,63.2104,1,low
1914,fog,25.1653,0,high
513,clear,87.092,0,low
1391,clear,54.7974,0,medium
1239,fog,38.7888,0,medium
767,clear,83.053,0,medium
1992,clear,29.865,0,high
1450,clear,46.4785,0,high
566,clear,88.4637,0,low
1101,snow,38.2616,0,medium
1723,fog,25.1719,0,high
910,fog,44.4698,0,medium
1836,rain,22.8485,0,high
914,clear,72.4453,0,medium
1344,rain,48.5043,0,medium
692,clear,83.5376,0,medium
536,snow,50.5222,1,low
405,clear,79.6076,0,low
1895,clear,49.9962,0,high
974,clear,73.9082,0,medium
122,fog,76.1545,0,low
620,rain,65.5322,0,medium
514,rain,71.9919,0,low
491,clear,83.5558,0,low
1686,fog,22.1773,0,high
230,clear,94.4532,0,low
361,clear,83.0547,0,low
1681,clear,43.9014,0,high
1849,clear,31.5556,0,high
1226,clear,68.2906,0,medium
1125,fog,44.1105,0,medium
1666,rain,34.8137,0,high
643,fog,59.477,1,medium
930,clear,74.2014,0,medium
1972,clear,38.5676,0,high
1971,fog,14.7272,0,high
1019,clear,70.3025,0,medium
917,rain,68.5788,0,medium
718,clear,73.4048,0,medium
1548,snow,18.4001,1,high
680,rain,55.573,0,medium
1221,clear,62.0004,0,medium
1820,rain,25.8319,0,high
582,snow,43.9108,0,low
719,clear,88.3094,0,medium
227,clear,100.991,1,low
450,clear,77.08,0,low
1550,rain,39.5847,0,high
1130,fog,38.9173,0,medium
546,clear,87.26,0,low
440,clear,83.6241,0,low
1262,fog,35.6886,0,medium
690,rain,57.7568,0,medium
1069,fog,42.8876,0,medium
1343,rain,48.2003,0,medium
965,fog,47.9386,0,medium
521,rain,76.4421,0,low
1474,clear,62.5854,0,high
1334,rain,48.3704,0,medium
228,clear,96.3949,0,low
1280,clear,63.9693,0,medium
1474,fog,30.5,0,high
530,fog,69.4864,0,low
187,clear,99.1559,0,low
877,rain,55.3033,0,medium
1526,rain,43.0759,0,high
1921,fog,13.9808,0,high
834,rain,59.9171,0,medium
900,clear,75.3871,0,medium
879,clear,72.6764,0,medium
450,clear,97.9354,0,low
128,snow,54.8533,1,low
1341,rain,45.7577,0,medium
199,snow,56.1096,0,low
368,clear,89.0005,0,low
1106,fog,39.8166,0,medium
346,rain,75.3041,0,low
1946,snow,10.0,0,high
1262,clear,58.2954,0,medium
1549,rain,37.6784,0,high
421,rain,82.0042,0,low
1327,clear,62.2948,0,medium
1644,clear,45.6323,0,high
1236,clear,70.0879,0,medium
1764,clear,48.942,0,high
283,clear,91.9546,0,low
835,clear,70.2562,0,medium
1977,clear,31.9905,0,high
1808,clear,40.2595,0,high
1094,fog,49.4502,0,medium
722,fog,44.6159,0,medium
1748,clear,53.3716,0,high
1723,rain,35.8455,0,high
1403,clear,54.4409,0,high
632,snow,47.0978,0,medium
1628,rain,37.9283,0,high
1972,clear,38.116,0,high
1591,clear,40.1839,0,high
1951,clear,40.3901,0,high
1144,clear,67.4417,0,medium
1865,rain,29.4745,0,high
378,clear,94.6277,1,low
1398,fog,28.6314,0,medium
895,fog,45.7511,0,medium
404,clear,88.6173,0,low
935,clear,71.1846,0,medium
1510,clear,60.8988,0,high
326,clear,90.876,0,low
333,clear,87.9403,0,low
636,clear,86.2338,0,medium
226,clear,88.1655,0,low
1240,rain,47.1431,1,medium
1478,clear,56.2622,0,high
1698,clear,57.086,0,high
800,clear,78.7943,0,medium
1611,clear,54.0631,0,high
1615,clear,58.0718,0,high
488,rain,74.1713,0,low
758,clear,70.8467,0,medium
493,clear,87.6847,0,low
428,rain,76.5506,0,low
324,fog,68.2333,0,low
240,rain,81.7986,0,low
1267,clear,61.27,0,medium
1398,clear,67.233,0,medium
1738,clear,53.4748,0,high
1970,rain,23.1215,0,high
736,clear,80.9308,0,medium
663,rain,67.0576,0,medium
400,clear,90.5454,0,low
461,rain,75.0509,1,low
1437,clear,56.5164,0,high
1295,snow,30.7719,0,medium
1648,rain,38.5436,0,high
497,clear,83.2694,0,low
846,clear,77.3196,0,medium
1606,clear,51.1623,0,high
1899,rain,23.9861,0,high
1551,clear,55.5969,0,high
653,clear,85.1367,0,medium
1733,clear,44.7447,0,high
274,clear,94.5047,0,low
655,snow,39.4466,0,medium
1461,clear,53.4537,0,high
1896,clear,48.4204,0,high
1409,rain,48.9744,0,high
291,clear,92.3863,0,low
595,rain,69.7252,0,low
1817,clear,42.4109,0,high
470,fog,53.2321,0,low
1815,rain,38.1985,0,high
1037,rain,56.6524,0,medium
943,clear,73.1308,0,medium
1628,rain,41.6374,0,high
1268,clear,58.294,0,medium
1419,fog,32.4862,1,high
582,rain,61.7582,0,low
1439,clear,44.2396,0,high
1471,rain,36.9244,0,high
1945,fog,14.7805,0,high
243,rain,76.2506,0,low
1177,clear,62.7202,0,medium
617,clear,77.7906,0,medium
1328,fog,34.8158,0,medium
1487,clear,58.6588,0,high
1449,clear,62.3726,0,high
824,fog,57.1536,0,medium
663,fog,62.2644,0,medium
182,fog,67.763,0,low
481,clear,80.8089,0,low
1148,rain,58.4674,0,medium
659,rain,69.1418,0,medium
568,rain,67.9785,1,low
440,clear,91.4458,0,low
1432,clear,58.9712,0,high
1121,snow,26.5925,0,medium
537,clear,98.6164,0,low
185,clear,90.9035,0,low
1006,clear,69.2375,0,medium
843,clear,80.8192,0,medium
1198,snow,33.6781,0,medium
772,clear,78.2685,0,medium
818,clear,69.0588,0,medium
1117,fog,46.8478,0,medium
1127,clear,68.5164,0,medium
1812,clear,46.4289,0,high
164,clear,93.9495,0,low
1516,clear,45.7757,0,high
1196,rain,45.0088,0,medium
739,clear,73.6889,0,medium
128,clear,100.2643,0,low
407,fog,57.5991,0,low
806,clear,69.8937,0,medium
343,fog,62.7793,0,low
1734,clear,43.8841,0,high
124,clear,90.1948,0,low
270,clear,98.8405,0,low
954,fog,52.8726,0,medium
1620,clear,50.2844,0,high
240,clear,86.0077,0,low
1491,rain,40.584,0,high
1505,clear,55.5022,0,high
526,rain,79.0445,0,low
825,clear,79.7638,0,medium
1370,clear,63.2411,0,medium
1942,clear,46.8822,0,high
684,fog,59.6346,0,medium
709,clear,73.8972,0,medium
1000,snow,35.898,0,medium
1769,clear,46.3675,0,high
1056,clear,69.8297,0,medium
1790,rain,37.1974,0,high
746,fog,56.5726,1,medium
1924,rain,21.6597,0,high
1923,clear,52.5039,0,high
1042,clear,74.123,0,medium
336,clear,90.2382,0,low
259,fog,62.6702,0,low
700,rain,56.335,0,medium
1835,clear,50.4258,0,high
1910,clear,46.1209,0,high
1859,clear,43.3062,0,high
444,rain,68.5655,0,low
371,clear,84.1174,0,low
779,clear,79.2825,0,medium
733,rain,59.4234,0,medium
805,clear,74.5361,0,medium
259,clear,92.8863,0,low
1875,clear,37.3233,0,high
1390,clear,49.1163,0,medium
1826,clear,43.256,0,high
1950,rain,19.5134,0,high
1496,rain,36.3049,0,high
1560,snow,36.5306,0,high
478,rain,76.6871,0,low
933,clear,69.5064,0,medium
1159,fog,48.0026,0,medium
605,rain,62.0302,0,medium
1149,fog,40.7673,0,medium
947,fog,42.8062,0,medium
1489,clear,47.6204,0,high
1919,fog,20.2469,0,high
1877,rain,29.2507,0,high
1302,clear,57.1627,0,medium
1940,clear,47.397,0,high
559,clear,88.5559,0,low
1342,clear,62.4588,0,medium
1785,rain,27.5617,0,high
1950,clear,40.5092,0,high
590,clear,80.9276,0,low
1755,clear,47.5827,0,high
1570,fog,23.8966,0,high
1958,rain,30.1461,0,high
392,clear,91.4107,0,low
270,fog,56.232,1,low
809,clear,85.1732,0,medium
651,rain,58.5276,1,medium
816,clear,73.9988,0,medium
941,fog,45.2949,0,medium
328,clear,86.3994,0,low
931,rain,57.103,0,medium
343,clear,86.096,0,low
695,rain,58.5919,0,medium
1262,rain,46.4833,0,medium
1541,clear,56.4817,0,high
1997,rain,26.7186,0,high
101,clear,97.8336,0,low
1807,clear,50.2621,0,high
568,fog,61.3573,0,low
137,clear,104.6095,0,low
1219,clear,58.9984,0,medium
1507,fog,24.7724,1,high
1038,clear,73.0179,0,medium
1499,clear,60.3318,0,high
1610,clear,54.7244,0,high
821,clear,80.1475,0,medium
1205,snow,25.0685,0,medium
1705,clear,54.5199,0,high
913,clear,74.6832,0,medium
705,clear,82.7675,0,medium
860,clear,79.304,0,medium
868,clear,64.966,0,medium
1683,clear,49.9316,0,high
1674,rain,36.7443,0,high
1199,clear,65.4628,0,medium
805,fog,59.0256,0,medium
1355,rain,43.7521,0,medium
1531,clear,53.6815,0,high
733,rain,62.9401,0,medium
1240,fog,35.3252,0,medium
1110,clear,65.0942,0,medium
662,clear,72.4279,0,medium
920,rain,49.9055,0,medium
500,rain,79.6244,1,low
1755,clear,44.986,0,high
386,clear,92.9071,0,low
104,clear,101.7701,0,low
1661,clear,52.1304,0,high
786,clear,57.5826,0,medium
902,rain,56.9246,0,medium
1979,clear,37.108,0,high
549,clear,76.6783,0,low
709,clear,75.4199,0,medium
1284,clear,56.8477,0,medium
271,clear,96.2803,0,low
1633,rain,35.9331,0,high
1283,rain,51.791,0,medium
1494,clear,55.5872,0,high
1255,clear,54.813,0,medium
969,clear,67.7115,0,medium
1998,clear,56.8418,0,high
548,clear,78.9542,0,low
1707,clear,50.6539,0,high
1287,rain,52.5254,0,medium
1908,rain,36.9063,0,high
695,clear,87.0929,0,medium
899,clear,69.0137,0,medium
558,clear,81.6169,0,low
207,fog,65.5147,0,low
727,fog,54.9661,0,medium
760,fog,44.1421,0,medium
839,clear,74.2185,0,medium
545,clear,85.9637,0,low
343,clear,83.7724,0,low
443,rain,75.4748,0,low
660,fog,51.4008,0,medium
402,clear,86.3694,0,low
1143,clear,68.4075,0,medium
1428,rain,39.9288,0,high
245,clear,96.595,0,low
426,fog,60.2021,0,low
389,clear,86.4996,0,low
1467,fog,42.2449,0,high
655,rain,60.8661,0,medium
183,clear,92.9459,0,low
989,clear,71.8646,0,medium
964,rain,51.4134,0,medium
1834,clear,39.6395,0,high
389,fog,64.9679,1,low
807,clear,78.6442,0,medium
503,clear,82.3848,0,low
1455,clear,60.8323,0,high
1615,rain,35.1179,0,high
1461,clear,59.288,0,high
1172,clear,63.0146,0,medium
1363,rain,41.9372,0,medium
1094,clear,62.3533,0,medium
1989,snow,10.0,0,high
613,clear,77.0782,0,medium
1519,rain,39.7832,0,high
876,clear,65.3564,0,medium
360,rain,72.3355,0,low
1373,clear,56.9262,0,medium
457,rain,66.4658,0,low
307,fog,59.4113,0,low
792,clear,73.8276,0,medium
1098,clear,68.3516,0,medium
631,clear,88.2456,0,medium
934,rain,60.8053,0,medium
1597,rain,35.4476,0,high
178,clear,94.3387,0,low
918,clear,62.5415,0,medium
1655,fog,17.9383,0,high
1098,snow,25.6196,0,medium
1365,clear,65.11,0,medium
501,clear,83.6678,0,low
908,rain,58.7265,0,medium
101,fog,68.2286,1,low
1614,clear,52.0537,0,high
1014,rain,52.9331,0,medium
968,clear,66.434,0,medium
470,clear,80.3283,0,low
1988,clear,44.9361,0,high
793,fog,56.2876,0,medium
1043,rain,52.6036,0,medium
440,fog,57.915,0,low
802,rain,61.2093,0,medium
1242,clear,56.2434,0,medium
369,clear,89.9216,0,low
104,clear,94.542,0,low
1822,clear,42.1221,0,high
423,clear,86.0015,0,low
282,clear,88.1369,0,low
1896,clear,48.4972,0,high
1157,rain,40.8776,0,medium
890,clear,73.4655,0,medium
1249,snow,24.785,0,medium
1484,clear,60.3343,0,high
1918,clear,37.5163,0,high
899,rain,60.7119,0,medium
819,clear,69.1726,0,medium
1395,clear,59.9281,0,medium
384,rain,69.0386,0,low
568,clear,79.5501,0,low
469,clear,88.5649,0,low
1033,fog,47.1646,0,medium
1659,rain,35.0725,0,high
1150,rain,53.1929,0,medium
1163,clear,64.4583,0,medium
1830,clear,52.2858,0,high
503,clear,92.223,0,low
1821,clear,38.9541,0,high
1403,clear,47.0107,0,high
1530,clear,58.0763,0,high
384,clear,86.6222,0,low
681,fog,52.4621,0,medium
743,clear,79.212,0,medium
1020,snow,36.6003,0,medium
625,rain,64.0994,0,medium
497,clear,81.3834,0,low
1483,clear,53.1505,0,high
246,rain,75.1111,0,low
597,clear,92.5493,0,low
1301,rain,38.4162,0,medium
1457,fog,36.2551,0,high
337,clear,100.5586,0,low
1898,rain,27.2865,0,high
1140,rain,50.1677,0,medium
1823,snow,17.0864,0,high
1177,snow,36.6432,0,medium
480,fog,57.4233,0,low
543,fog,67.591,0,low
634,clear,73.7278,0,medium
391,snow,50.7107,1,low
363,clear,92.814,0,low
239,clear,96.6046,0,low
755,rain,64.8692,0,medium
658,fog,48.0616,0,medium
128,snow,56.1267,1,low
967,clear,65.7161,0,medium
603,clear,87.9504,0,medium
301,fog,51.2227,0,low
691,snow,51.9232,1,medium
611,clear,81.2418,0,medium
436,rain,67.3275,0,low
1992,clear,43.729,0,high
1935,fog,13.672,1,high
1472,clear,58.0775,0,high
1230,clear,69.2844,0,medium
576,clear,88.112,0,low
1254,clear,59.8024,0,medium
1731,rain,28.9902,0,high
1487,clear,53.7347,0,high
1578,clear,62.3606,0,high
1067,rain,54.0168,0,medium
1511,fog,28.0866,0,high
849,clear,78.8943,0,medium
1365,clear,58.3717,0,medium
202,clear,91.2938,0,low
1294,clear,62.8367,0,medium
1445,clear,47.0875,0,high
1863,clear,50.0544,0,high
289,clear,98.6855,0,low
1867,clear,35.2723,0,high
1501,rain,37.6257,0,high
739,rain,63.9864,0,medium
1118,clear,69.758,0,medium
443,fog,73.368,0,low
124,clear,118.7022,1,low
329,fog,62.9948,0,low
1906,clear,46.0873,0,high
825,fog,56.0601,0,medium
553,fog,57.654,0,low
539,snow,49.0419,1,low
368,clear,91.6862,0,low
1542,clear,51.3338,0,high
203,clear,91.5472,0,low
1058,clear,64.3193,0,medium
322,clear,85.5169,0,low
532,rain,67.7024,0,low
1531,fog,35.2951,1,high
1735,clear,51.8985,0,high
1926,clear,43.6384,0,high
1530,fog,31.7551,0,high
1118,clear,63.3441,0,medium
1182,clear,66.57,0,medium
316,clear,80.7907,0,low
1898,clear,40.7419,0,high
1720,clear,47.5493,0,high
1488,clear,50.4246,0,high
1600,clear,50.659,0,high
1671,fog,28.3863,1,high
1236,fog,32.9213,0,medium
297,clear,90.5451,0,low
177,clear,95.0845,0,low
1737,clear,46.8895,0,high
1483,clear,47.5999,0,high
386,clear,90.5465,0,low
1747,fog,24.213,0,high
1815,clear,43.3942,0,high
1325,clear,59.0481,0,medium
221,clear,93.3291,0,low
1768,rain,38.3069,0,high
1438,rain,47.4368,0,high
1561,clear,47.3928,0,high
1310,snow,19.837,0,medium
1975,rain,23.604,1,high
756,clear,71.9423,0,medium
1140,fog,38.9484,0,medium
1690,clear,44.1735,0,high
1806,clear,53.5709,0,high
1508,rain,45.5913,0,high
645,clear,74.7222,0,medium
1081,clear,55.5886,0,medium
1079,clear,72.622,0,medium
105,clear,93.0912,0,low
1687,rain,31.3533,0,high
1147,clear,71.5287,0,medium
1974,clear,46.3489,0,high
1761,snow,10.0,1,high
999,snow,45.1527,1,medium
1677,clear,52.5178,0,high
981,clear,73.1155,0,medium
1421,rain,44.1721,0,high
1766,clear,39.1718,0,high
1944,rain,29.3936,0,high
312,clear,101.0937,0,low
1606,snow,15.7156,0,high
834,clear,71.2921,0,medium
497,clear,77.9455,0,low
743,fog,63.8762,0,medium
632,clear,79.5527,0,medium
616,rain,70.0869,0,medium
386,rain,64.4511,0,low
868,clear,68.0887,0,medium
1273,rain,53.5725,0,medium
1783,clear,55.649,0,high
1693,clear,56.8876,0,high
1633,clear,53.1534,0,high
628,clear,82.7929,0,medium
778,rain,52.3996,0,medium
713,clear,80.782,0,medium
884,rain,65.1853,0,medium
1631,clear,57.1317,0,high
922,clear,83.299,0,medium
1471,fog,30.7262,0,high
559,clear,86.6765,0,low
1992,rain,16.0415,0,high
1752,rain,20.3407,0,high
1045,snow,40.0843,0,medium
201,fog,67.8969,0,low
423,clear,85.8944,0,low
1748,rain,34.5636,0,high
1649,clear,51.9718,0,high
683,clear,75.5788,0,medium
1018,rain,62.5045,0,medium
786,clear,69.3069,0,medium
1176,fog,48.7429,0,medium
514,rain,61.1754,0,low
1474,rain,45.6403,0,high
1441,clear,53.6473,0,high
147,fog,73.2895,0,low
1755,clear,48.2236,0,high
739,fog,45.1583,0,medium
380,clear,81.9456,0,low
466,snow,59.0785,0,low
126,snow,59.4613,0,low
1574,clear,49.0381,0,high
507,clear,83.5116,0,low
806,snow,51.0503,0,medium
1633,clear,50.8359,0,high
403,clear,89.6766,0,low
853,clear,70.946,0,medium
443,rain,72.364,0,low
110,fog,77.187,0,low
1278,fog,43.8992,0,medium
240,fog,61.8477,0,low
1707,clear,44.8123,0,high
670,clear,75.567,0,medium
1228,clear,58.2078,0,medium
256,rain,76.7726,0,low
1888,fog,16.2549,0,high
1105,clear,64.2116,0,medium
1798,clear,40.4115,0,high
1416,clear,46.797,0,high
845,snow,36.7748,0,medium
1194,rain,44.681,0,medium
638,clear,76.4525,0,medium
659,clear,78.7222,0,medium
1197,clear,65.4296,0,medium
1378,clear,65.3496,0,medium
1125,rain,45.9497,0,medium
686,fog,61.6551,0,medium
969,rain,62.1968,0,medium
146,fog,69.7482,0,low
1282,clear,63.9614,0,medium
234,clear,93.0352,0,low
600,clear,73.4078,0,low
850,clear,78.3915,0,medium
1427,clear,56.7581,0,high
681,rain,62.4635,0,medium
727,clear,79.4816,0,medium
1776,clear,46.4428,0,high
1359,rain,44.2599,0,medium
1788,clear,45.434,0,high
1258,clear,64.8224,0,medium
1315,clear,58.4136,0,medium
230,clear,87.2398,0,low
1363,clear,54.9792,0,medium
1819,rain,33.6783,0,high
733,rain,55.8051,1,medium
1584,rain,44.2449,0,high
1823,clear,54.3935,0,high
121,rain,77.8742,0,low
1405,snow,22.716,0,high
601,clear,72.6057,0,medium
1800,rain,32.2649,0,high
1398,clear,63.0405,0,medium
989,rain,52.1048,0,medium
154,fog,77.0691,0,low
967,clear,73.2588,0,medium
1998,clear,45.6906,0,high
1601,clear,54.3659,0,high
1532,clear,47.291,0,high
191,clear,102.4761,0,low
1604,clear,42.7589,0,high
568,clear,82.9378,0,low
1192,clear,63.0223,0,medium
1151,clear,69.3744,0,medium
1197,fog,31.3293,0,medium
480,rain,77.241,0,low
802,fog,46.2083,0,medium
1995,clear,41.581,0,high
535,fog,56.9358,0,low
1444,rain,42.3171,0,high
399,rain,66.5467,0,low
788,fog,48.0638,0,medium
1143,clear,69.3764,0,medium
1999,fog,10.0,1,high
1448,clear,54.9492,0,high
1184,fog,41.3526,0,medium
967,clear,69.9601,0,medium
1018,clear,72.5062,0,medium
1991,clear,43.605,0,high
1917,snow,10.0,0,high
1302,rain,47.2058,0,medium
565,clear,79.8047,0,low
1849,clear,37.3982,0,high
698,snow,45.642,0,medium
543,clear,81.761,0,low
1019,clear,70.5974,0,medium
157,fog,73.4348,0,low
1681,rain,32.6057,0,high
1639,rain,39.5227,0,high
1486,clear,59.1624,0,high
1706,fog,30.6888,0,high
1446,clear,55.6261,0,high
1252,clear,54.6094,0,medium
1829,clear,45.563,0,high
1728,fog,18.8405,0,high
390,clear,85.5418,0,low
684,clear,76.6734,0,medium
828,clear,74.3219,0,medium
708,clear,85.5789,0,medium
235,clear,95.7203,0,low
336,clear,94.5698,0,low
747,rain,61.843,0,medium
1105,clear,62.496,0,medium
689,clear,70.0956,0,medium
1690,fog,22.8045,0,high
1880,clear,46.2718,0,high
1432,clear,51.5131,0,high
866,clear,75.0052,0,medium
865,clear,72.043,0,medium
505,rain,70.4293,0,low
1987,clear,41.5258,0,high
959,clear,60.7131,0,medium
1974,clear,43.8539,0,high
777,rain,64.5729,0,medium
1827,fog,23.5211,0,high
566,clear,78.1929,0,low
1272,rain,51.201,0,medium
728,clear,87.4248,0,medium
615,rain,71.4721,0,medium
981,clear,76.1854,0,medium
130,clear,90.5965,0,low
351,fog,70.6949,0,low
1236,fog,34.5753,0,medium
1330,clear,55.7322,0,medium
137,clear,101.3296,0,low
942,clear,77.6439,0,medium
1415,clear,49.268,0,high
1923,rain,23.2568,0,high
1658,clear,41.6144,0,high
224,clear,96.7023,0,low
932,clear,80.1678,0,medium
211,clear,98.0585,1,low
1304,clear,59.4102,0,medium
486,clear,86.7841,0,low
767,fog,50.3605,0,medium
655,clear,90.3366,0,medium
1719,snow,10.4791,0,high
1488,rain,43.4581,0,high
984,rain,53.1051,0,medium
785,clear,82.3924,0,medium
1229,clear,60.4364,0,medium
358,rain,66.1348,0,low
243,clear,88.2879,0,low
1353,clear,52.073,0,medium
1852,clear,52.7402,0,high
1024,clear,64.3338,0,medium
951,clear,71.0964,0,medium
326,fog,64.4949,0,low
282,snow,52.1944,0,low
1366,fog,30.4996,0,medium
1458,clear,43.4903,0,high
1841,clear,44.9157,0,high
1053,rain,57.6193,0,medium
611,snow,45.6855,0,medium
1588,rain,39.4066,0,high
1738,rain,25.0659,0,high
1454,clear,58.2114,0,high
594,clear,87.7894,0,low
1933,clear,36.1734,0,high
434,clear,87.5977,0,low
1857,fog,10.0,1,high
368,clear,91.7552,0,low
514,clear,84.6885,0,low
1261,fog,33.9842,0,medium
642,clear,88.4558,0,medium
971,clear,65.8221,0,medium
618,rain,67.9324,0,medium
1049,clear,65.4741,0,medium
1191,rain,47.559,0,medium
1754,clear,43.9042,0,high
124,rain,86.9247,1,low
1406,clear,63.0399,0,high
455,clear,91.8051,0,low
1587,clear,47.8992,0,high
785,fog,57.5648,0,medium
448,clear,90.8845,0,low
177,clear,94.5317,0,low
1236,clear,61.3216,0,medium
1697,fog,24.0888,0,high
1734,clear,54.2859,0,high
1406,fog,29.3032,0,high
1879,snow,10.0,0,high
824,clear,68.2842,0,medium
1646,rain,31.5302,0,high
439,clear,86.9498,0,low
1619,fog,25.7065,0,high
934,clear,68.1099,0,medium
1213,clear,72.355,0,medium
1457,clear,58.2334,0,high
1600,clear,47.393,0,high
1962,fog,22.9241,0,high
703,fog,61.3004,0,medium
1899,clear,48.7179,0,high
435,clear,92.701,0,low
1415,clear,61.8403,0,high
229,fog,57.7535,1,low
1192,fog,35.4972,0,medium
707,clear,81.2673,0,medium
1874,fog,18.9789,0,high
1180,rain,51.1622,0,medium
1377,rain,45.5422,0,medium
601,clear,82.5289,0,medium
649,fog,57.498,0,medium
1806,rain,26.1316,0,high
1889,fog,15.0763,1,high
1846,rain,23.9804,0,high
314,clear,89.1919,0,low
893,rain,60.2819,0,medium
441,clear,88.0813,0,low
1489,fog,17.8851,0,high
1585,clear,58.7438,0,high
374,fog,63.9723,0,low
415,clear,84.1433,0,low
415,clear,84.804,0,low
1183,clear,63.7055,0,medium
1117,fog,32.6813,0,medium
1278,clear,58.7953,0,medium
1021,fog,48.1196,0,medium
1186,rain,50.5813,0,medium
1839,clear,49.3713,0,high
109,clear,103.7767,0,low
1389,rain,46.0851,0,medium
1542,clear,40.4137,0,high
216,rain,70.4598,0,low
234,clear,97.0005,0,low
1485,clear,54.9554,0,high
1835,clear,39.1527,0,high
577,clear,81.672,0,low
1409,clear,54.7612,0,high
104,fog,69.2269,0,low
1567,clear,54.6229,0,high
951,clear,66.8325,0,medium
1396,rain,41.4015,0,medium
100,rain,86.388,1,low
283,clear,91.5726,0,low
1709,clear,45.837,0,high
1727,clear,35.2532,0,high
854,fog,46.8939,0,medium
450,clear,88.0381,0,low
712,fog,56.3575,0,medium
374,clear,90.1157,0,low
1078,clear,64.6818,0,medium
1329,clear,57.1505,0,medium
1113,snow,29.8148,0,medium
275,fog,59.9916,1,low
419,fog,63.0563,0,low
1163,clear,68.4557,0,medium
697,rain,55.1725,0,medium
143,fog,63.4615,0,low
552,rain,64.9749,0,low
253,rain,78.3325,0,low
1918,rain,26.6895,0,high
1059,clear,72.887,0,medium
892,clear,71.5813,0,medium
131,fog,75.1648,0,low
154,clear,97.335,0,low
1428,rain,44.3949,0,high
1980,clear,36.936,0,high
390,clear,89.3576,0,low
560,rain,62.5929,0,low
866,clear,73.1611,0,medium
1897,clear,40.3458,0,high
1120,clear,69.6188,0,medium
1297,rain,49.0623,0,medium
1936,clear,33.8199,0,high
1308,snow,23.9924,0,medium
1780,rain,34.8073,0,high
1202,clear,61.6193,0,medium
1617,rain,30.2654,0,high
1798,clear,57.6795,0,high
560,clear,78.883,0,low
600,clear,80.7217,0,low
1611,rain,30.8317,0,high
1774,fog,23.5757,0,high
508,snow,51.1932,1,low
953,fog,48.4619,0,medium
579,fog,49.7525,0,low
1180,clear,67.416,0,medium
396,rain,74.0176,0,low
1476,fog,32.3824,0,high
1030,rain,53.9162,0,medium
878,clear,79.5137,0,medium
727,rain,60.1175,0,medium
492,clear,81.9403,0,low
985,clear,76.5641,0,medium
1247,fog,43.9799,0,medium
944,fog,43.1913,0,medium
303,clear,96.9526,0,low
1655,fog,24.1012,0,high
1165,clear,60.5636,0,medium
1123,rain,58.0485,0,medium
1164,rain,45.8348,0,medium
508,clear,92.7625,0,low
639,clear,82.5869,0,medium
583,clear,88.8339,0,low
1034,clear,65.4158,0,medium
1762,clear,53.1862,0,high
1187,snow,33.3874,0,medium
621,fog,57.3853,0,medium
634,clear,81.2492,0,medium
871,rain,62.588,0,medium
724,rain,62.9415,0,medium
800,fog,51.9265,0,medium
1132,clear,59.9842,0,medium
794,fog,51.4226,0,medium
964,rain,55.3296,0,medium
1074,clear,58.8073,0,medium
855,clear,80.1064,0,medium
1792,rain,30.2213,0,high
390,fog,60.0012,0,low
549,clear,85.3164,0,low
693,rain,63.4901,0,medium
1284,clear,60.3896,0,medium
1665,rain,28.0389,0,high
1275,clear,60.4677,0,medium
1381,rain,41.4242,0,medium
1563,clear,48.8968,0,high
1743,rain,28.4377,0,high
908,clear,67.6623,0,medium
251,clear,82.8428,0,low
229,clear,89.1739,0,low
603,rain,73.9693,0,medium
1425,clear,56.211,0,high
1846,fog,17.8102,0,high
1578,fog,24.5913,0,high
528,fog,60.5437,0,low
1310,fog,27.525,0,medium
1670,clear,53.5068,0,high
572,rain,66.6274,0,low
723,clear,81.8855,0,medium
1451,clear,51.4073,0,high
802,clear,73.3556,0,medium
1958,clear,45.334,0,high
1373,clear,45.9562,0,medium
950,clear,81.0824,0,medium
618,fog,58.3517,1,medium
1243,fog,33.568,0,medium
1563,fog,24.934,0,high
163,clear,95.4925,0,low
1594,fog,26.0891,0,high
766,clear,79.2037,0,medium
122,snow,65.038,0,low
325,rain,68.6664,0,low
1585,rain,36.9818,0,high
885,rain,57.434,0,medium
396,snow,50.9774,0,low
1398,clear,61.0386,0,medium
211,clear,89.1486,0,low
523,clear,86.0244,0,low
692,fog,53.1198,0,medium
1930,clear,41.6358,0,high
343,fog,64.2436,0,low
409,clear,80.1989,0,low
992,fog,43.7828,0,medium
932,clear,71.6749,0,medium
886,clear,66.7513,0,medium
1132,clear,59.6503,0,medium
375,rain,74.4616,0,low
896,clear,75.5168,0,medium
1417,clear,58.9939,0,high
306,clear,91.7883,0,low
832,fog,55.0407,0,medium
1041,fog,52.1621,1,medium
313,clear,93.259,0,low
722,clear,74.0239,0,medium
1881,fog,10.0,0,high
1972,rain,28.0653,0,high
543,fog,63.4861,0,low
720,clear,81.5664,0,medium
820,clear,78.3041,0,medium
1232,clear,59.3641,0,medium
434,rain,72.0347,0,low
142,clear,94.2464,0,low
1829,clear,43.8895,0,high
1140,fog,45.0904,0,medium
425,rain,69.3063,0,low
1147,fog,36.2342,0,medium
535,rain,75.8402,0,low
813,snow,46.0139,0,medium
1809,clear,47.2753,0,high
1669,fog,25.2301,0,high
451,clear,92.6062,0,low
929,clear,75.1449,0,medium
1716,snow,10.0,0,high
1369,clear,66.8842,0,medium
1287,fog,41.2092,0,medium
108,rain,88.146,0,low
1569,clear,45.7984,0,high
1487,rain,42.7937,0,high
479,snow,50.4233,0,low
547,clear,84.5361,1,low
516,clear,86.885,0,low
1659,rain,38.1204,0,high
1352,clear,69.7669,0,medium
1744,clear,47.9814,0,high
1773,clear,46.0796,0,high
837,clear,78.6675,0,medium
298,fog,65.9974,1,low
898,clear,73.03,0,medium
631,rain,59.0237,0,medium
1015,clear,66.2804,0,medium
333,fog,63.9168,1,low
1283,fog,31.7303,0,medium
1010,clear,69.9128,0,medium
1079,clear,58.3425,0,medium
477,clear,93.9504,0,low
952,clear,76.673,0,medium
1224,clear,64.6639,0,medium
1365,clear,57.8181,0,medium
327,clear,87.7745,0,low
914,clear,70.5507,0,medium
1024,clear,70.981,0,medium
944,fog,44.0046,0,medium
1987,clear,52.0507,0,high
1245,rain,43.4026,0,medium
1772,fog,29.293,0,high
1342,clear,56.5117,0,medium
896,clear,67.408,0,medium
1480,clear,55.0213,0,high
435,clear,88.9846,0,low
321,rain,70.6376,0,low
568,clear,80.5129,0,low
1814,clear,45.7549,0,high
1235,clear,66.3638,0,medium
570,rain,61.6089,0,low
145,clear,106.4619,0,low
929,clear,75.9667,0,medium
1653,rain,37.708,0,high
835,snow,47.9215,0,medium
1209,fog,47.3605,0,medium
1081,fog,46.2514,0,medium
1553,fog,22.3068,0,high
1489,rain,36.734,0,high
195,clear,91.0454,0,low
251,clear,91.6185,0,low
1568,clear,64.6325,0,high
658,rain,70.1457,1,medium
1660,clear,45.7724,0,high
845,snow,30.1287,0,medium
896,clear,72.0131,0,medium
767,clear,76.1291,0,medium
1938,rain,33.3867,0,high
1807,clear,42.5331,0,high
392,clear,92.0853,0,low
491,rain,78.431,1,low
960,rain,59.4308,0,medium
449,rain,74.0583,0,low
1019,clear,65.7387,0,medium
1971,clear,44.3715,0,high
311,clear,86.4498,0,low
1765,fog,28.0455,0,high
1162,fog,27.8136,0,medium
1693,clear,49.8568,0,high
472,fog,55.7851,0,low
150,clear,93.866,0,low
585,rain,73.0216,0,low
641,fog,57.2473,0,medium
1331,rain,36.9286,0,medium
1502,clear,50.219,0,high
533,rain,70.3439,0,low
521,clear,77.8272,0,low
587,clear,81.9394,0,low
1384,clear,59.5227,0,medium
777,fog,56.4213,0,medium
419,clear,83.8131,0,low
1683,snow,15.459,0,high
255,rain,78.0749,0,low
1195,clear,75.3174,0,medium
699,rain,68.7838,0,medium
1925,clear,33.4765,0,high
334,rain,76.0222,0,low
899,fog,50.242,1,medium
433,clear,85.2044,0,low
1849,clear,37.465,0,high
211,clear,97.3144,0,low
203,rain,73.0828,0,low
927,clear,71.2717,0,medium
969,rain,48.6377,0,medium
397,clear,92.0243,0,low
1910,clear,54.8887,0,high
1170,clear,69.3466,0,medium
1086,clear,74.7079,0,medium
222,clear,92.6657,0,low
775,rain,61.0391,0,medium
1961,clear,49.151,0,high
1335,clear,62.9106,0,medium
891,rain,55.2721,0,medium
1714,clear,50.5526,0,high
498,fog,70.6098,1,low
259,clear,93.9568,0,low
1892,clear,45.2179,0,high
1247,rain,51.8762,0,medium
322,rain,74.6125,0,low
1703,rain,41.329,0,high
1175,fog,43.3647,0,medium
1209,rain,58.3365,0,medium
233,clear,87.3139,0,low
149,rain,79.646,0,low
1225,clear,51.6048,0,medium
1843,clear,41.4533,0,high
1132,fog,41.9865,0,medium
1326,rain,55.2242,0,medium
833,clear,79.2509,0,medium
291,rain,77.272,0,low
1793,clear,37.6772,0,high
1983,fog,12.7149,0,high
1508,clear,46.0496,0,high
1203,rain,45.442,0,medium
762,clear,75.282,0,medium
113,clear,92.7135,0,low
493,clear,82.1961,0,low
224,clear,100.7126,1,low
1219,snow,30.1106,0,medium
1781,clear,40.2216,0,high
595,clear,92.1964,0,low
1546,clear,56.5524,0,high
1431,clear,44.8889,0,high
575,clear,78.2017,0,low
1908,rain,36.668,0,high
683,clear,87.056,0,medium
310,clear,99.374,0,low
897,rain,60.2786,0,medium
325,rain,71.8507,0,low
474,clear,81.2308,0,low
1914,clear,37.0004,0,high
724,rain,72.9179,0,medium
604,rain,67.7366,0,medium
1804,clear,50.7018,0,high
1278,clear,65.8834,0,medium
1316,clear,65.3238,0,medium
1871,rain,31.6772,0,high
1525,rain,49.4003,1,high
1093,clear,68.4701,0,medium
1641,rain,29.0585,0,high
1173,rain,47.9049,0,medium
1389,clear,65.3092,0,medium
476,fog,70.0796,0,low
1190,clear,60.6592,0,medium
384,snow,58.9273,0,low
1416,clear,56.5432,0,high
753,clear,82.8478,0,medium
709,fog,57.6414,0,medium
1127,clear,60.1436,0,medium
978,snow,29.671,0,medium
1028,clear,66.4227,0,medium
394,clear,79.5198,0,low
1800,rain,29.3431,0,high
1384,clear,55.8024,0,medium
1901,clear,42.5703,0,high
319,clear,92.9863,0,low
691,rain,68.3462,0,medium
813,clear,77.9837,0,medium
948,rain,58.1011,0,medium
174,clear,94.6146,0,low
248,snow,56.576,1,low
1221,rain,50.2526,0,medium
1749,clear,40.7868,0,high
590,clear,90.4185,0,low
1551,fog,24.9926,0,high
1987,fog,10.1988,0,high
711,clear,74.3391,0,medium
292,rain,70.0615,0,low
1170,fog,33.7878,0,medium
1639,clear,53.2796,0,high
1362,clear,61.6915,0,medium
1724,rain,38.1753,0,high
1216,rain,46.2378,0,medium
560,clear,85.8531,0,low
838,clear,79.3405,0,medium
1933,rain,22.906,0,high
773,clear,81.6449,0,medium
654,clear,78.2258,0,medium
877,clear,75.268,0,medium
1640,clear,46.3107,0,high
148,clear,103.6603,0,low
403,clear,86.4964,0,low
1743,clear,44.868,0,high
113,clear,93.0326,0,low
1312,clear,56.8341,0,medium
1685,clear,46.324,0,high
1915,clear,37.8097,0,high
1832,rain,29.2422,1,high
383,rain,73.6976,0,low
359,clear,82.5377,0,low
659,clear,78.8071,0,medium
1433,fog,40.2831,0,high
542,clear,81.8788,0,low
355,clear,85.8509,0,low
521,rain,60.5187,0,low
1591,clear,42.432,0,high
1755,rain,35.4295,0,high
654,clear,89.498,0,medium
311,rain,64.6918,0,low
911,fog,49.9667,0,medium
357,rain,78.0815,0,low
1008,fog,49.5332,0,medium
196,clear,92.0777,0,low
793,clear,85.0506,0,medium
643,clear,70.9536,0,medium
1700,clear,40.8867,0,high
687,clear,81.2378,0,medium
253,clear,93.8383,0,low
1467,clear,46.2033,0,high
1536,fog,27.8514,0,high
535,fog,59.7434,0,low
1107,fog,43.7664,0,medium
1768,rain,27.4067,0,high
1621,clear,48.1424,0,high
719,clear,80.9105,0,medium
1418,clear,60.4077,0,high
992,clear,74.7233,0,medium
584,clear,81.387,0,low
999,clear,70.4238,0,medium
235,rain,69.0786,0,low
539,clear,78.409,0,low
213,snow,58.8103,0,low
850,clear,74.2869,0,medium
580,clear,83.9273,0,low
252,clear,93.1313,0,low
845,clear,85.0385,0,medium
1072,clear,62.1791,0,medium
305,clear,88.0785,0,low
111,clear,100.2467,0,low
226,clear,83.7585,0,low
1399,rain,46.441,0,medium
388,clear,83.0818,0,low
1920,rain,33.2619,0,high
1728,clear,45.6277,0,high
951,rain,57.0867,0,medium
1487,fog,24.597,0,high
1494,fog,36.5428,0,high
969,clear,74.3111,0,medium
1453,rain,43.2127,0,high
1326,rain,35.1214,0,medium
1850,clear,49.1491,0,high
1800,fog,20.6891,0,high
363,clear,88.7359,0,low
1798,rain,30.3442,0,high
182,rain,73.2151,0,low
1192,clear,77.164,0,medium
703,clear,77.5665,0,medium
473,clear,90.0912,0,low
1212,clear,61.1264,0,medium
435,rain,69.5759,0,low
1577,clear,47.0886,0,high
1783,clear,58.2225,0,high
1759,clear,44.4377,0,high
689,clear,75.845,0,medium
1217,clear,69.8675,0,medium
1179,clear,62.2139,0,medium
476,clear,88.6191,0,low
1069,clear,65.9356,0,medium
1026,rain,56.6103,0,medium
1689,rain,35.1985,0,high
1138,clear,54.9672,0,medium
268,rain,75.8804,0,low
1860,rain,29.702,0,high
298,snow,52.541,1,low
1533,rain,27.5321,0,high
1763,clear,45.8468,0,high
134,clear,90.4345,0,low
259,clear,96.677,0,low
500,rain,65.5874,0,low
1198,rain,57.4345,0,medium
580,clear,85.5625,0,low
713,clear,79.3001,0,medium
148,rain,80.788,0,low
1950,clear,39.2802,0,high
1618,fog,32.5171,0,high
1609,rain,33.4732,0,high
190,clear,92.6983,0,low
912,rain,63.2508,0,medium
1288,clear,59.7466,0,medium
1340,clear,57.6231,0,medium
986,clear,72.9572,0,medium
1818,clear,41.284,0,high
1683,clear,45.9509,0,high
375,clear,86.5573,0,low
742,fog,48.2605,0,medium
1988,clear,45.3042,0,high
401,rain,72.224,0,low
548,clear,80.2655,0,low
1620,clear,59.504,1,high
346,clear,84.568,0,low
1807,rain,19.8318,0,high
1669,fog,20.3132,0,high
766,clear,75.2786,0,medium
699,clear,76.3297,0,medium
715,clear,70.6133,0,medium
550,rain,67.194,0,low
1450,clear,52.7307,0,high
639,rain,56.7978,0,medium
1598,clear,46.1175,0,high
1255,clear,67.6029,0,medium
1049,clear,75.014,0,medium
1618,rain,31.342,0,high
1279,clear,68.7061,0,medium
1532,fog,43.9901,0,high
346,clear,98.4528,0,low
900,rain,63.4841,0,medium
1491,clear,58.625,0,high
1552,clear,60.4231,0,high
1081,clear,61.7836,1,medium
1454,clear,56.3834,0,high
1169,rain,44.8048,0,medium
787,clear,72.5122,0,medium
715,clear,79.827,0,medium
1884,clear,35.2332,0,high
1616,clear,51.259,0,high
1175,clear,66.8034,0,medium
901,clear,70.9457,0,medium
665,clear,74.6541,0,medium
1274,clear,65.129,0,medium
1897,clear,45.0676,0,high
1043,fog,33.3526,0,medium
716,clear,67.2464,0,medium
276,rain,83.8944,0,low
1277,fog,29.9509,0,medium
241,clear,83.1392,0,low
1585,clear,52.5438,0,high
1968,clear,38.9395,0,high
1528,clear,54.0827,0,high
1116,fog,49.6241,0,medium
1970,clear,48.3401,0,high
797,clear,77.9953,0,medium
290,fog,67.6121,0,low
1819,clear,43.0572,0,high
904,clear,72.0122,0,medium
937,fog,49.0289,0,medium
224,rain,77.5287,0,low
727,rain,67.1,0,medium
427,rain,65.6279,0,low
1237,clear,61.644,0,medium
671,fog,49.7085,0,medium
411,clear,83.9929,0,low
1971,clear,49.0112,0,high
719,fog,47.7421,0,medium
1243,snow,26.4262,0,medium
1140,clear,64.2307,0,medium
1421,rain,45.2738,0,high
368,clear,87.5649,0,low
943,clear,73.4089,0,medium
491,clear,84.1346,0,low
1414,snow,17.8605,0,high
929,clear,66.1166,0,medium
1722,clear,41.5834,0,high
436,fog,60.2777,0,low
1758,rain,29.312,0,high
1668,clear,52.1922,0,high
1799,fog,22.1076,0,high
250,fog,65.3805,0,low
526,fog,57.8681,1,low
1371,clear,45.1652,0,medium
1985,clear,45.4075,0,high
1898,clear,39.4069,0,high
502,clear,80.4757,0,low
892,snow,38.342,1,medium
772,clear,78.8353,0,medium
981,rain,61.4287,0,medium
1667,rain,39.5034,0,high
1948,clear,44.8189,0,high
665,clear,77.2886,0,medium
1172,clear,61.265,0,medium
815,clear,69.7234,0,medium
1797,clear,47.9035,0,high
1438,rain,48.5652,0,high
1706,fog,23.996,0,high
1551,fog,28.2865,1,high
1313,fog,36.1521,0,medium
312,fog,59.7782,0,low
458,clear,86.7092,0,low
760,fog,54.9899,0,medium
1320,rain,45.7946,0,medium
1938,rain,20.7232,0,high
1620,fog,30.5649,0,high
871,clear,81.1792,0,medium
1813,snow,10.0,1,high
1566,clear,50.3545,0,high
451,fog,72.1264,0,low
279,rain,69.4806,0,low
169,fog,64.8686,0,low
459,clear,86.9146,0,low
119,clear,96.8297,0,low
114,rain,85.9664,0,low
1344,clear,58.621,0,medium
126,clear,90.5895,0,low
1016,clear,68.332,0,medium
1008,rain,58.2785,0,medium
249,clear,89.4499,0,low
193,clear,94.9097,0,low
390,clear,84.0807,0,low
597,clear,82.1409,0,low
1263,rain,48.9713,0,medium
1755,clear,56.8867,0,high
1735,clear,49.8697,0,high
1406,fog,46.0747,0,high
1361,clear,50.5945,0,medium
1398,rain,39.8251,0,medium
1701,clear,49.4308,0,high
1090,clear,69.8605,0,medium
1831,clear,49.5562,0,high
354,clear,93.9034,0,low
562,clear,83.7835,0,low
1562,rain,35.4974,0,high
747,fog,51.2261,0,medium
1730,clear,53.1046,0,high
878,clear,77.1276,0,medium
224,fog,81.208,0,low
1959,clear,28.8841,0,high
1180,clear,71.127,0,medium
919,clear,68.6672,0,medium
269,clear,99.537,0,low
125,clear,92.5888,0,low
401,snow,51.0916,1,low
280,clear,88.9333,1,low
1922,clear,42.4508,0,high
1309,clear,57.0543,0,medium
1895,fog,21.5865,1,high
315,clear,93.0357,0,low
894,fog,41.8772,0,medium
1089,clear,63.9265,0,medium
1160,fog,38.6809,0,medium
1450,snow,30.3513,0,high
1440,clear,56.1846,0,high
1363,snow,13.5444,0,medium
1640,clear,52.7214,0,high
1783,fog,21.5982,0,high
1204,clear,65.2983,0,medium
721,clear,83.9689,0,medium
1262,clear,63.9386,0,medium
1192,clear,64.54,0,medium
414,clear,84.67,0,low
558,rain,79.3972,0,low
1354,clear,58.7646,0,medium
1811,clear,44.3569,0,high
967,clear,74.5403,0,medium
1063,snow,34.7715,0,medium
646,rain,63.7871,0,medium
114,clear,92.0572,0,low
1552,rain,34.8115,0,high
819,rain,76.2281,0,medium
142,clear,97.7294,0,low
451,clear,80.8772,0,low
1471,clear,56.1317,0,high
1449,rain,39.7574,0,high
306,clear,96.1922,0,low
923,fog,49.4725,0,medium
676,rain,59.9852,0,medium
1734,snow,11.9438,0,high
338,snow,60.6383,0,low
1739,clear,50.6489,0,high
1590,clear,46.1953,0,high
328,clear,87.6749,0,low
929,fog,52.8441,0,medium
272,clear,93.6219,0,low
1195,clear,70.1656,0,medium
1498,clear,59.6132,0,high
988,clear,70.3734,0,medium
1129,rain,52.0178,0,medium
462,fog,62.2317,0,low
552,clear,88.5712,0,low
1379,clear,59.0313,0,medium
329,clear,94.5458,0,low
441,rain,65.0462,0,low
1405,clear,57.3632,0,high
428,clear,86.3103,0,low
466,clear,83.9013,0,low
1388,rain,42.2822,0,medium
339,clear,92.3529,0,low
1062,fog,43.9316,0,medium
1885,rain,30.4131,1,high
1996,rain,19.4815,0,high
1805,clear,48.8889,0,high
198,clear,93.2363,1,low
1271,clear,62.1777,0,medium
454,rain,73.1348,0,low
1351,rain,33.7626,0,medium
1958,clear,50.7664,0,high
664,clear,81.9943,0,medium
588,rain,65.2134,0,low
224,clear,93.3481,0,low
541,clear,85.4324,0,low
1532,fog,33.8657,0,high
345,snow,51.8834,0,low
251,clear,91.693,0,low
183,clear,95.6522,0,low
1971,clear,36.5622,0,high
1319,clear,59.2034,0,medium
801,rain,58.6439,0,medium
312,snow,56.1806,1,low
1916,clear,44.3573,0,high
1082,clear,66.6943,0,medium
767,rain,68.2279,0,medium
1103,clear,62.0646,0,medium
1795,rain,29.1972,0,high
954,clear,69.1969,0,medium
721,rain,64.1961,0,medium
1374,fog,34.1124,0,medium
1600,clear,41.2118,0,high
911,rain,58.0963,0,medium
1500,fog,32.9386,0,high
306,clear,88.4795,0,low
929,clear,73.8749,0,medium
903,rain,50.1939,0,medium
1128,fog,41.3598,0,medium
1284,rain,47.0462,0,medium
681,clear,88.7782,0,medium
197,clear,103.2779,1,low
1999,clear,42.0023,0,high
314,clear,88.2567,0,low
614,fog,51.042,0,medium
1162,rain,52.1756,0,medium
856,clear,70.1445,0,medium
1055,fog,49.4994,0,medium
1318,clear,56.1238,0,medium
1108,clear,65.35,0,medium
1378,clear,59.7179,0,medium
1530,clear,55.2406,0,high
259,clear,85.1926,0,low
555,clear,98.4481,1,low
266,fog,64.4278,1,low
1938,fog,17.1736,0,high
1958,clear,33.0428,0,high
286,clear,89.0656,0,low
785,rain,62.2771,0,medium
471,clear,85.1061,0,low
1899,rain,18.679,0,high
782,clear,75.0169,0,medium
966,clear,69.4193,0,medium
771,clear,79.3133,0,medium
561,clear,83.6974,0,low
1432,fog,26.3445,0,high
235,clear,92.3873,0,low
980,fog,37.5994,0,medium
1982,clear,38.3428,0,high
1937,rain,33.0138,0,high
1166,rain,56.6553,0,medium
1358,snow,15.4861,0,medium
1029,clear,74.132,0,medium
1103,rain,64.1068,0,medium
1538,fog,32.0142,0,high
576,clear,79.8527,0,low
1562,clear,46.6467,0,high
1263,clear,59.5627,0,medium
226,clear,91.4492,0,low
641,rain,53.914,0,medium
1900,snow,10.0,1,high
1712,clear,39.7271,0,high
1106,rain,60.5783,0,medium
1324,clear,60.4527,0,medium
803,snow,43.4512,0,medium
723,rain,53.6201,0,medium
269,clear,91.771,0,low
743,clear,77.291,0,medium
639,fog,54.754,0,medium
1820,clear,47.637,0,high
1501,clear,64.9633,0,high
1732,fog,16.0058,0,high
546,clear,80.1956,0,low
1692,fog,21.1263,0,high
845,clear,79.9558,0,medium
218,clear,99.6378,0,low
468,rain,78.8667,0,low
1533,clear,45.1578,0,high
1245,rain,46.2297,0,medium
1093,clear,69.277,0,medium
1062,fog,45.4993,0,medium
1153,clear,71.0588,0,medium
278,clear,83.2199,0,low
229,fog,69.6247,1,low
1136,fog,35.8094,0,medium
221,clear,89.0813,0,low
1420,clear,54.5878,0,high
740,clear,81.3679,0,medium
138,clear,91.3387,0,low
1935,fog,24.1525,0,high
1406,clear,66.4192,0,high
1288,clear,55.3991,0,medium
1116,clear,65.0254,0,medium
1536,rain,39.0973,0,high
1578,rain,33.4373,0,high
1489,fog,31.9061,0,high
355,fog,60.7221,0,low
772,rain,67.1553,0,medium
948,clear,67.3581,0,medium
1830,rain,33.631,0,high
582,clear,89.7293,0,low
1935,clear,40.0388,0,high
168,clear,97.5273,0,low
1725,clear,51.0688,0,high
1379,clear,64.4513,0,medium
519,clear,84.5332,0,low
1379,clear,58.5582,0,medium
1320,clear,67.8074,0,medium
761,clear,85.0414,0,medium
954,clear,79.9443,0,medium
829,clear,73.9291,0,medium
1851,clear,43.2061,0,high
318,clear,88.9119,0,low
1998,rain,26.6144,0,high
684,clear,78.1515,0,medium
1599,clear,51.9219,0,high
1278,clear,61.6596,0,medium
1676,clear,50.3739,0,high
616,fog,46.6402,0,medium
1002,snow,36.7207,0,medium
636,clear,72.0604,0,medium
1959,clear,42.27,0,high
779,clear,74.8116,0,medium
1704,clear,48.8015,0,high
1579,clear,52.9023,0,high
361,clear,89.9917,0,low
592,clear,85.3432,0,low
1368,rain,41.1789,0,medium
1131,fog,36.8578,0,medium
186,clear,94.4,1,low
178,rain,79.8446,0,low
1579,clear,46.2481,0,high
1096,clear,75.3542,0,medium
1783,clear,47.4084,0,high
252,rain,81.821,0,low
294,clear,96.6277,0,low
1630,clear,60.8293,0,high
1040,clear,74.5385,0,medium
525,rain,73.729,0,low
1108,fog,42.0478,0,medium
136,clear,96.3116,0,low
989,clear,76.3612,0,medium
169,fog,75.5491,0,low
409,clear,88.5596,0,low
704,clear,77.2679,0,medium
117,clear,101.5231,0,low
1669,clear,48.6768,0,high
1023,rain,48.7015,0,medium
1528,clear,56.8685,0,high
1071,fog,50.4324,0,medium
1405,rain,46.0402,0,high
1644,clear,45.7019,0,high
1367,clear,65.1025,0,medium
1904,clear,35.6977,0,high
911,rain,67.4946,0,medium
884,clear,70.0486,0,medium
1889,rain,27.5673,0,high
1685,clear,51.184,0,high
247,clear,88.4731,0,low
1482,clear,47.1043,0,high
259,clear,87.9812,0,low
1557,clear,44.774,0,high
1937,rain,24.4228,0,high
1262,clear,56.6749,0,medium
1771,fog,31.6976,0,high
1937,clear,46.9912,0,high
1133,clear,58.8596,0,medium
1168,clear,73.0695,0,medium
1686,fog,20.7838,0,high
103,clear,100.439,0,low
1600,fog,17.6738,0,high
1859,fog,31.2809,0,high
1077,clear,73.3982,0,medium
1424,clear,59.3834,0,high
494,clear,89.1932,0,low
674,rain,66.4132,0,medium
892,clear,76.6359,0,medium
1030,clear,76.9546,0,medium
464,rain,73.5702,0,low
1318,clear,66.799,0,medium
1270,fog,36.7131,0,medium
430,clear,92.0297,0,low
1764,rain,32.1377,0,high
1905,clear,39.2296,0,high
960,fog,42.1382,0,medium
438,rain,71.1854,0,low
1804,clear,42.2343,0,high
1697,clear,46.663,0,high
894,rain,59.7275,0,medium
995,clear,67.2965,0,medium
1484,fog,26.7479,0,high
1426,clear,62.2579,0,high
1654,clear,46.6785,0,high
1516,fog,23.9996,0,high
779,fog,51.6304,0,medium
1535,snow,16.5935,0,high
1658,clear,54.8924,0,high
1649,rain,34.6783,0,high
1763,clear,37.7069,0,high
1902,clear,45.7117,0,high
218,clear,95.4879,0,low
192,clear,97.1121,0,low
1182,clear,66.3882,0,medium
1551,clear,57.772,0,high
1091,rain,55.7746,0,medium
1112,rain,58.9334,0,medium
390,clear,90.9591,0,low
1591,clear,50.2325,0,high
1349,clear,55.803,0,medium
1236,clear,58.6481,0,medium
1090,clear,65.6903,0,medium
900,rain,55.2905,0,medium
363,clear,96.4984,0,low
1289,clear,63.6433,0,medium
163,clear,90.482,0,low
1416,clear,50.6325,0,high
698,rain,60.0618,0,medium
652,clear,77.8884,0,medium
432,fog,60.4378,0,low
1244,clear,73.4054,0,medium
230,rain,73.0704,0,low
207,rain,72.3956,0,low
810,clear,78.8357,0,medium
1423,fog,29.0297,0,high
632,clear,90.9118,0,medium
792,clear,80.0749,0,medium
659,rain,66.6596,0,medium
1003,clear,74.1284,0,medium
1824,clear,43.0636,0,high
1432,rain,47.6712,0,high
1143,rain,54.7263,0,medium
333,clear,95.5044,0,low
732,fog,49.1116,0,medium
1432,clear,50.4516,0,high
1905,clear,45.7866,0,high
1362,fog,29.157,0,medium
1225,rain,60.2926,0,medium
962,clear,73.9017,0,medium
340,rain,71.3166,0,low
806,clear,83.1449,0,medium
1428,clear,58.091,0,high
526,clear,79.1548,0,low
624,fog,56.8686,0,medium
1187,fog,37.5318,0,medium
1307,rain,49.9975,0,medium
437,rain,69.3471,0,low
1166,clear,64.3043,0,medium
580,snow,44.8082,0,low
1237,fog,39.0331,0,medium
969,clear,66.6254,0,medium
1484,fog,29.5597,0,high
339,snow,65.6808,1,low
842,clear,71.6245,0,medium
247,clear,86.8631,0,low
1255,clear,61.5355,0,medium
715,clear,78.3596,0,medium
1656,clear,50.9563,0,high
1171,clear,72.9926,0,medium
880,clear,70.0952,0,medium
1352,rain,47.0247,0,medium
693,clear,74.8301,0,medium
304,fog,66.8212,0,low
279,snow,58.5291,0,low
1743,fog,29.0086,0,high
1360,clear,63.0187,0,medium
1420,fog,30.9651,0,high
1997,clear,40.2866,0,high
1184,clear,64.0398,0,medium
627,clear,85.7,0,medium
834,fog,46.2523,0,medium
147,rain,83.1952,0,low
1044,clear,61.2589,0,medium
725,clear,77.2601,0,medium
1220,clear,61.1415,0,medium
1723,rain,32.478,0,high
123,snow,64.3244,1,low
1831,rain,31.1499,0,high
717,clear,84.4294,0,medium
1250,clear,57.2226,0,medium
865,fog,56.8469,0,medium
899,clear,77.25,0,medium
312,rain,82.1315,0,low
671,fog,64.6398,0,medium
1337,clear,61.4533,0,medium
1716,clear,48.7416,0,high
1247,clear,62.6246,0,medium
984,clear,68.6463,0,medium
925,fog,40.8824,0,medium
614,fog,58.6667,0,medium
550,fog,63.749,0,low
1978,fog,11.2213,0,high
1695,clear,41.6458,0,high
790,rain,63.5568,0,medium
904,clear,65.0719,0,medium
406,clear,86.8018,0,low
602,clear,69.7817,0,medium
746,clear,80.43,0,medium
425,clear,86.0293,0,low
1676,clear,49.6294,0,high
156,clear,98.6479,0,low
100,fog,72.5532,0,low
414,clear,85.3955,0,low
1708,snow,11.3261,1,high
1762,clear,52.2159,0,high
1155,clear,63.4542,0,medium
1087,rain,46.7802,0,medium
1286,clear,59.3764,0,medium
567,rain,67.3975,0,low
1583,clear,42.1064,0,high
1899,rain,23.681,0,high
1420,clear,59.5946,0,high
1298,rain,41.8753,0,medium
377,rain,66.2206,0,low
444,clear,85.3574,0,low
230,fog,75.5108,0,low
1224,fog,44.7416,0,medium
639,rain,62.734,0,medium
355,clear,83.9821,0,low
1594,clear,48.7105,0,high
866,fog,50.4878,1,medium
595,clear,80.4769,0,low
878,clear,73.5537,0,medium
309,clear,90.1111,0,low
361,clear,86.3536,0,low
400,clear,87.0417,0,low
1220,clear,69.5587,0,medium
134,clear,96.0918,0,low
447,clear,87.225,0,low
346,rain,82.4795,0,low
1084,clear,58.4967,0,medium
1069,clear,66.5951,0,medium
592,clear,87.4773,0,low
1561,clear,59.0594,0,high
490,clear,76.1404,0,low
117,rain,82.1079,0,low
659,rain,61.2118,0,medium
1042,clear,68.9511,0,medium
1686,clear,54.8502,0,high
102,clear,102.4918,0,low
1783,snow,12.9045,0,high
582,fog,52.4127,0,low
151,rain,87.1265,0,low
886,clear,75.2252,0,medium
1043,clear,64.3254,0,medium
692,rain,64.9514,0,medium
1689,fog,28.6029,0,high
1831,snow,10.0,1,high
1609,rain,30.8896,0,high
879,fog,39.2116,0,medium
1215,clear,64.1408,0,medium
1658,fog,26.3785,0,high
888,fog,47.8582,0,medium
1030,fog,42.1341,0,medium
1814,clear,41.8714,0,high
490,clear,85.6329,0,low
789,fog,50.8694,0,medium
437,fog,49.4652,0,low
323,clear,90.3973,0,low
112,clear,100.3901,0,low
1605,rain,39.254,0,high
1196,clear,61.2474,0,medium
338,fog,62.9204,0,low
1489,clear,56.3442,0,high
1918,clear,43.8988,0,high
1690,rain,30.2868,0,high
1458,clear,65.6899,0,high
1578,rain,31.1204,0,high
1990,clear,41.4987,0,high
1773,clear,43.4044,0,high
1975,clear,42.3194,0,high
377,clear,90.7153,0,low
1905,rain,22.6444,0,high
1264,clear,54.647,0,medium
566,clear,83.8154,0,low
1338,rain,42.9892,0,medium
1658,fog,30.0449,0,high
618,clear,76.3827,0,medium
1826,clear,39.8638,0,high
388,clear,85.0466,0,low
1937,clear,46.1085,0,high
688,clear,82.2587,0,medium
1359,clear,68.2171,0,medium
674,clear,82.6367,0,medium
1586,clear,47.6112,0,high
1419,clear,50.2834,0,high
1846,clear,44.4733,0,high
1552,clear,59.3229,0,high
966,clear,62.5474,0,medium
1631,clear,53.8965,0,high
1839,rain,28.3122,0,high
1384,clear,51.0971,0,medium
1823,snow,10.0,0,high
1029,rain,42.8904,0,medium
156,clear,98.9847,0,low
213,fog,75.1491,1,low
384,fog,61.8131,0,low
529,rain,62.8603,0,low
1790,clear,43.3474,0,high
1567,clear,47.2812,0,high
1115,rain,40.855,0,medium
1943,clear,39.4956,0,high
1785,fog,14.8625,0,high
1916,clear,41.3287,0,high
898,clear,85.0773,0,medium
1267,clear,70.8713,0,medium
1372,rain,51.1994,0,medium
1145,rain,60.7408,0,medium
293,rain,80.3193,0,low
994,clear,72.3613,0,medium
1312,fog,40.9688,0,medium
350,clear,82.0546,0,low
1182,clear,63.3481,0,medium
546,clear,92.0314,0,low
140,rain,81.453,0,low
1783,snow,15.2338,1,high
1162,clear,59.2573,0,medium
756,clear,77.4143,0,medium
1927,clear,39.7377,0,high
1365,clear,55.7524,0,medium
937,rain,51.3881,0,medium
1706,rain,38.1944,0,high
306,clear,93.0375,0,low
1864,clear,52.5433,0,high
192,clear,97.1295,0,low
1734,clear,54.1526,0,high
386,clear,86.2229,0,low
854,fog,54.3493,0,medium
1894,fog,22.3374,0,high
1291,clear,66.2255,0,medium
502,clear,90.5466,0,low
727,clear,68.6829,0,medium
502,clear,76.8314,0,low
1724,clear,45.4674,0,high
109,clear,101.5704,0,low
611,fog,50.3315,0,medium
1983,clear,42.1168,0,high
1564,clear,50.7703,0,high
1824,clear,56.2241,0,high
902,rain,63.5195,0,medium
794,clear,71.8446,0,medium
976,clear,73.9169,0,medium
759,clear,68.7818,0,medium
114,clear,94.441,0,low
764,rain,64.4498,0,medium
153,clear,100.2956,0,low
1400,rain,46.3342,0,medium
1462,rain,45.4956,0,high
923,clear,70.3693,0,medium
1998,rain,21.282,0,high
789,rain,62.2811,0,medium
293,clear,92.0028,0,low
1792,fog,19.842,0,high
312,clear,93.2255,1,low
270,fog,68.0844,0,low
152,clear,88.6527,0,low
591,clear,82.3094,0,low
1250,clear,69.5681,0,medium
478,clear,87.495,0,low
453,rain,66.973,0,low
1362,snow,15.4911,0,medium
519,clear,86.949,0,low
439,rain,70.823,0,low
463,rain,69.1802,0,low
713,rain,60.2236,0,medium
180,rain,75.4884,0,low
1530,clear,53.4563,0,high
1369,clear,53.3928,0,medium
1788,clear,52.702,0,high
659,clear,82.2865,0,medium
585,clear,75.2809,0,low
869,clear,83.56,0,medium
446,clear,86.0231,1,low
1217,clear,66.3577,0,medium
643,clear,82.3222,0,medium
1366,clear,65.1829,0,medium
800,clear,78.4851,0,medium
802,rain,55.9574,0,medium
1724,fog,26.3287,0,high
1819,clear,45.7765,0,high
817,fog,50.0261,0,medium
883,rain,57.9968,0,medium
1505,rain,42.3424,0,high
762,clear,74.2689,0,medium
1414,clear,61.3423,0,high
232,clear,85.6418,0,low
157,clear,94.8376,0,low
1375,clear,50.2882,0,medium
633,fog,57.8313,0,medium
693,clear,84.3276,0,medium
930,rain,51.4425,0,medium
1605,clear,54.6132,0,high
1520,clear,58.984,0,high
1707,rain,32.4414,0,high
1088,clear,63.2176,0,medium
1726,clear,55.0979,0,high
1645,fog,30.6525,0,high
1588,fog,21.3188,0,high
1952,snow,10.0,0,high
935,fog,42.9448,0,medium
1414,rain,37.9263,0,high
1905,clear,32.3986,0,high
778,rain,63.9664,0,medium
764,clear,73.8667,0,medium
1460,rain,38.2533,0,high
1992,fog,14.9584,0,high
1136,clear,68.4905,0,medium
764,clear,82.8149,0,medium
722,rain,56.3181,0,medium
1958,clear,46.7885,0,high
490,clear,91.7783,0,low
1333,clear,58.2323,0,medium
779,fog,50.8589,0,medium
628,clear,83.6806,0,medium
1807,clear,41.2398,0,high
646,clear,73.33,0,medium
1504,rain,36.0643,0,high
1927,clear,37.2176,0,high
1076,clear,75.4619,0,medium
1684,rain,29.2511,0,high
1597,clear,46.3755,0,high
1013,clear,75.3873,0,medium
1060,rain,58.81,0,medium
193,clear,96.2155,0,low
1885,clear,57.3217,0,high
717,fog,51.1343,0,medium
368,clear,95.2508,0,low
953,fog,52.9181,0,medium
1746,clear,43.4745,0,high
655,clear,80.4987,0,medium
549,clear,88.2757,0,low
659,clear,80.7264,0,medium
1287,clear,60.0627,0,medium
1801,clear,40.8905,0,high
1640,clear,54.3288,0,high
1869,clear,30.5521,0,high
130,clear,92.88,0,low
1973,fog,15.0488,0,high
1297,clear,66.9699,0,medium
281,clear,93.8216,0,low
740,rain,70.5922,0,medium
987,clear,67.9607,0,medium
1481,clear,54.3665,0,high
276,rain,82.0434,0,low
1089,clear,62.1836,0,medium
1927,clear,45.5063,0,high
1601,clear,47.5,0,high
439,rain,75.6791,0,low
1210,fog,30.6057,0,medium
801,clear,72.4909,0,medium
276,clear,88.3607,0,low
277,fog,66.4766,0,low
501,clear,79.3902,0,low
1776,clear,57.0956,0,high
856,clear,65.8754,0,medium
1396,clear,63.1448,0,medium
1143,rain,48.3525,0,medium
1064,snow,35.6631,0,medium
1401,clear,68.2116,0,high
549,clear,81.1561,0,low
1099,rain,55.4025,0,medium
1073,fog,45.405,0,medium
499,clear,88.4079,0,low
1422,rain,41.1401,0,high
1352,rain,33.0013,0,medium
1569,clear,62.0481,0,high
910,rain,54.6352,0,medium
1598,fog,31.064,0,high
1137,clear,66.8803,0,medium
1867,fog,23.3479,0,high
1411,rain,46.5013,0,high
881,rain,51.1594,0,medium
299,clear,89.8113,0,low
1928,clear,42.8433,0,high
665,clear,85.2459,0,medium
1444,fog,33.941,0,high
1920,clear,47.8541,0,high
323,rain,72.1714,0,low
736,fog,53.2623,0,medium
488,clear,85.7314,0,low
923,clear,77.3685,0,medium
1487,clear,51.7348,0,high
299,clear,81.9638,0,low
1336,clear,57.8945,0,medium
1674,rain,40.0433,1,high
1960,clear,46.2233,0,high
1650,snow,10.0,0,high
961,clear,66.2352,0,medium
1765,clear,49.628,0,high
1591,fog,29.9696,0,high
1095,snow,36.0904,0,medium
1804,clear,44.583,0,high
1098,clear,73.7696,0,medium
838,clear,64.8886,0,medium
1035,clear,74.3743,0,medium
1055,clear,79.6016,0,medium
848,clear,79.1236,0,medium
1518,clear,49.5627,0,high
1563,snow,24.3287,0,high
1511,clear,51.8799,0,high
767,rain,60.6489,0,medium
901,clear,69.3572,0,medium
1283,clear,59.9339,0,medium
1365,clear,58.3885,0,medium
1296,clear,68.1512,0,medium
1515,rain,38.9036,0,high
1663,clear,56.9016,0,high
956,clear,73.181,0,medium
212,clear,86.6112,0,low
296,rain,78.6382,0,low
485,clear,82.5117,0,low
1665,fog,25.2099,0,high
661,clear,81.5404,1,medium
634,snow,45.8831,0,medium
1409,clear,57.6926,0,high
460,clear,83.5703,0,low
890,clear,69.1925,0,medium
316,snow,48.8201,1,low
546,fog,55.8725,0,low
1815,clear,47.2483,0,high
563,fog,55.704,0,low
1943,rain,24.5349,0,high
664,rain,67.3477,0,medium
335,clear,102.5999,0,low
636,rain,70.482,0,medium
1943,fog,17.4213,0,high
1235,clear,60.9793,0,medium
1395,clear,65.127,0,medium
1797,clear,39.9821,0,high
147,fog,67.3796,0,low
596,rain,65.2882,0,low
1385,clear,61.8392,0,medium
1171,snow,34.9136,0,medium
1098,clear,73.1613,0,medium
316,clear,88.1359,0,low
489,fog,43.523,0,low
452,rain,76.4142,0,low
1519,clear,57.488,0,high
1346,rain,43.435,0,medium
1449,fog,30.8452,0,high
467,clear,84.6587,0,low
1258,snow,30.4611,0,medium
1402,clear,65.5302,0,high
1724,rain,26.9008,0,high
963,clear,60.6564,0,medium
686,clear,85.0582,0,medium
1116,rain,48.9911,0,medium
1806,fog,22.2874,0,high
1486,clear,63.4902,0,high
942,rain,60.209,0,medium
567,clear,88.2691,0,low
1826,clear,42.5301,0,high
1271,rain,46.0735,0,medium
995,rain,57.3375,0,medium
1439,clear,66.3843,0,high
789,fog,49.8725,0,medium
336,clear,87.5425,0,low
1317,fog,21.5582,0,medium
673,snow,50.5217,0,medium
1031,fog,44.9568,0,medium
597,fog,47.9374,0,low
1813,clear,41.0556,0,high
244,clear,89.5708,0,low
1493,fog,36.4153,0,high
1113,clear,67.1501,0,medium
846,clear,72.3071,0,medium
1018,snow,33.5125,0,medium
1828,clear,48.7233,0,high
1507,rain,35.7098,0,high
138,rain,81.3931,0,low
1883,rain,32.4852,0,high
1665,rain,36.6196,0,high
909,rain,48.9088,0,medium
1781,clear,59.3704,0,high
1573,clear,49.7473,0,high
351,fog,67.31,0,low
1892,clear,38.4521,0,high
631,clear,82.0781,0,medium
1373,clear,59.8163,0,medium
807,clear,73.3488,0,medium
1136,clear,67.6812,0,medium
971,clear,70.7559,0,medium
1477,rain,33.6085,0,high
1434,rain,37.7251,0,high
381,clear,84.4487,0,low
357,clear,83.5781,0,low
1381,rain,42.8297,0,medium
692,clear,72.774,0,medium
647,snow,41.9693,1,medium
1168,clear,59.5639,0,medium
530,clear,80.3076,0,low
635,fog,59.0072,0,medium
796,clear,67.0346,0,medium
705,clear,87.816,0,medium
515,clear,85.1128,0,low
881,clear,72.1002,0,medium
153,clear,104.7183,1,low
1518,clear,59.9313,0,high
1033,snow,33.5941,0,medium
318,fog,68.5312,1,low
1522,clear,48.6775,0,high
1245,clear,67.241,0,medium
1151,clear,77.2447,0,medium
380,clear,88.8555,0,low
1416,clear,54.5758,0,high
683,clear,81.4629,0,medium
184,clear,101.8271,0,low
1503,clear,51.6466,0,high
1236,snow,34.2602,0,medium
108,clear,97.5473,0,low
902,clear,66.8815,0,medium
122,clear,93.5965,0,low
666,fog,53.0026,0,medium
679,clear,77.0966,0,medium
538,clear,77.9181,0,low
124,clear,94.3046,0,low
1568,clear,48.8383,0,high
481,clear,87.1171,0,low
189,clear,99.7122,0,low
428,clear,82.7281,0,low
862,clear,77.3011,0,medium
833,rain,58.6342,0,medium
1311,rain,42.8658,0,medium
626,snow,42.9852,0,medium
936,fog,44.999,0,medium
418,snow,47.7994,0,low
1928,clear,36.0481,0,high
1330,clear,73.7318,0,medium
1631,clear,56.576,0,high
639,clear,82.556,0,medium
1362,clear,59.3902,0,medium
945,rain,64.2467,0,medium
323,snow,48.8806,0,low
1665,clear,51.7677,0,high
613,clear,91.6544,0,medium
970,clear,72.4801,0,medium
1809,clear,50.8738,0,high
763,rain,63.8296,0,medium
1006,snow,32.6321,1,medium
1643,rain,35.0384,0,high
1242,clear,62.4467,0,medium
946,clear,68.5852,0,medium
1950,rain,31.4261,0,high
1152,clear,64.6933,0,medium
1970,clear,40.4403,0,high
807,clear,78.0096,0,medium
411,clear,83.8766,0,low
204,clear,101.5567,0,low
1101,fog,43.4431,0,medium
626,rain,68.734,0,medium
1934,clear,40.1166,0,high
1068,rain,55.9555,0,medium
1082,snow,24.2308,0,medium
289,clear,89.5131,0,low
516,clear,78.8003,0,low
483,rain,67.7853,0,low
1371,rain,45.3017,0,medium
1624,clear,59.0642,0,high
1898,clear,42.1163,0,high
1068,rain,46.6584,0,medium
1334,clear,57.2513,0,medium
290,clear,89.8015,0,low
451,clear,89.8253,0,low
178,clear,107.0562,0,low
1232,clear,71.9825,0,medium
782,clear,73.0243,0,medium
712,clear,76.9865,0,medium
1317,clear,50.7905,0,medium
626,clear,81.5743,0,medium
753,rain,59.1989,0,medium
1155,clear,63.392,0,medium
1402,clear,52.9708,0,high
1913,rain,27.6388,0,high
1459,fog,31.674,0,high
923,snow,31.9171,0,medium
1932,clear,46.8223,0,high
1941,clear,35.7733,0,high
1786,clear,53.5499,0,high
1640,clear,36.7024,0,high
646,fog,55.4327,0,medium
531,rain,59.4951,0,low
1113,clear,62.3717,0,medium
1767,fog,24.8502,0,high
1816,clear,39.3522,0,high
1586,clear,46.7786,0,high
945,clear,69.9215,0,medium
179,clear,89.5429,0,low
671,rain,64.7333,0,medium
1225,clear,55.2859,0,medium
510,clear,83.1425,0,low
676,clear,79.0451,0,medium
734,fog,47.7471,1,medium
1512,fog,31.1579,0,high
1150,fog,27.2713,0,medium
1594,fog,21.3799,0,high
1850,clear,38.1503,0,high
1018,clear,66.351,0,medium
1318,rain,51.0939,0,medium
1965,snow,10.4662,0,high
450,rain,74.8352,0,low
1577,rain,44.0476,0,high
1016,clear,67.6403,0,medium
1180,rain,46.3246,0,medium
1730,clear,49.5176,0,high
787,clear,87.2253,0,medium
685,fog,54.5097,0,medium
125,fog,65.2373,0,low
1270,fog,40.9966,0,medium
1803,clear,35.0566,0,high
191,clear,87.7428,0,low
538,clear,89.1452,0,low
863,fog,38.0953,0,medium
1483,clear,49.3392,0,high
1987,rain,24.4558,0,high
1736,clear,47.8224,0,high
1295,clear,57.0833,0,medium
245,clear,90.6448,0,low
1188,clear,68.2923,0,medium
371,clear,84.1955,0,low
275,rain,76.2959,0,low
774,clear,80.4346,0,medium
1635,clear,45.7894,0,high
1071,clear,63.5328,0,medium
1458,clear,49.5676,0,high
1174,clear,68.1401,0,medium
1094,rain,46.992,0,medium
1109,clear,64.4048,0,medium
1072,snow,32.2314,0,medium
1293,snow,30.8768,0,medium
324,clear,91.7897,0,low
748,clear,81.1443,0,medium
1789,fog,24.9571,0,high
364,clear,88.2738,0,low
960,clear,72.1914,0,medium
1006,clear,60.9815,0,medium
856,clear,75.2461,0,medium
1783,rain,24.704,0,high
831,clear,78.7724,0,medium
801,snow,33.2342,0,medium
1322,clear,60.2111,0,medium
1454,clear,55.9332,0,high
762,clear,68.0168,0,medium
1985,rain,27.1808,0,high
1081,fog,41.8546,0,medium
1906,clear,45.3067,0,high
690,fog,48.8615,0,medium
1394,snow,12.977,0,medium
1390,fog,35.9986,0,medium
1053,rain,54.7517,0,medium
562,clear,92.4605,0,low
1117,fog,36.0852,0,medium
421,clear,80.5669,0,low
1720,fog,20.7045,0,high
1448,rain,49.3561,0,high
389,snow,59.2966,0,low
1799,clear,49.4812,0,high
578,clear,86.5562,0,low
1394,rain,38.2573,0,medium
1807,clear,41.2285,0,high
1217,clear,73.3378,0,medium
576,fog,61.8315,0,low
870,clear,77.2219,0,medium
1223,clear,60.8882,0,medium
866,rain,60.5326,0,medium
763,clear,79.9953,0,medium
400,rain,77.6458,0,low
1501,rain,41.3876,0,high
382,snow,54.8428,1,low
990,clear,70.7969,0,medium
1672,clear,54.1025,0,high
996,clear,63.9421,0,medium
1956,clear,32.7051,0,high
528,snow,41.0428,0,low
224,rain,70.2105,0,low
1762,clear,51.1268,0,high
181,clear,99.7636,0,low
125,fog,67.9538,0,low
592,rain,62.5467,0,low
1919,rain,23.3637,0,high
277,rain,81.7623,0,low
1279,clear,66.9691,0,medium
213,clear,88.0205,0,low
435,clear,84.9497,0,low
1481,clear,47.5085,0,high
118,clear,92.9952,0,low
448,rain,87.8196,0,low
529,fog,56.188,0,low
204,clear,87.7416,0,low
1096,clear,58.6165,0,medium
898,rain,65.5907,0,medium
1717,clear,38.936,0,high
1499,rain,38.7073,0,high
109,clear,96.4108,0,low
298,clear,87.5256,0,low
1537,clear,62.6,0,high
1457,snow,21.228,0,high
614,clear,90.4974,0,medium
1736,rain,35.4653,0,high
432,clear,86.041,0,low
380,clear,88.7607,0,low
1187,clear,65.5472,0,medium
1017,fog,48.5936,0,medium
1835,snow,10.0,1,high
1829,rain,31.8625,0,high
1258,snow,26.559,0,medium
1942,rain,28.3117,0,high
1214,fog,39.5683,0,medium
1801,clear,44.3607,0,high
133,clear,91.552,0,low
267,clear,93.1513,0,low
1863,fog,28.0225,0,high
382,clear,88.1504,0,low
650,clear,79.5118,0,medium
984,clear,73.3567,0,medium
1256,clear,60.5034,0,medium
591,rain,65.5177,0,low
1425,clear,55.2751,0,high
1278,clear,70.1459,0,medium
1690,fog,20.43,0,high
488,clear,83.3771,0,low
291,fog,68.2772,0,low
930,clear,64.9301,0,medium
124,clear,97.4165,0,low
323,clear,88.8298,0,low
1703,snow,10.0,0,high
825,rain,59.9589,0,medium
195,clear,92.6913,1,low
726,snow,36.3461,0,medium
1292,fog,37.7988,0,medium
711,clear,81.3221,0,medium
1670,fog,34.5597,0,high
338,clear,95.0806,0,low
1586,clear,53.1356,0,high
616,clear,83.6723,0,medium
268,clear,93.4384,0,low
1908,clear,44.0904,0,high
230,snow,58.3471,1,low
613,clear,88.8033,0,medium
856,clear,70.2882,0,medium
989,clear,66.4669,0,medium
1837,fog,11.623,0,high
1375,rain,44.1323,0,medium
830,clear,71.3862,0,medium
997,clear,69.6558,0,medium
634,clear,85.2156,0,medium
616,clear,90.1243,0,medium
1396,fog,26.3375,0,medium
840,clear,61.7146,0,medium
929,clear,79.0395,0,medium
1082,clear,67.7947,0,medium
344,clear,87.1717,0,low
264,rain,72.5495,0,low
327,snow,58.2308,0,low
522,clear,86.1666,0,low
134,clear,101.6479,0,low
1109,clear,65.4863,0,medium
1635,clear,55.1559,0,high
908,rain,53.2706,0,medium
832,rain,59.171,0,medium
692,clear,84.7412,0,medium
505,fog,59.8947,1,low
1072,clear,64.6884,0,medium
334,clear,88.6121,0,low
406,rain,68.6287,0,low
102,clear,92.4971,0,low
238,rain,79.1721,0,low
1739,clear,45.9551,0,high
1121,clear,62.6693,0,medium
650,clear,78.4546,0,medium
1429,clear,55.703,0,high
621,clear,83.3714,0,medium
640,clear,75.8026,0,medium
653,clear,82.9444,0,medium
1130,snow,31.8742,0,medium
1684,fog,30.7771,0,high
1855,clear,48.2647,0,high
228,fog,59.4458,0,low
1960,clear,28.3316,0,high
1328,clear,55.3963,0,medium
818,snow,40.6936,0,medium
624,clear,90.89,0,medium
480,snow,39.2738,0,low
1590,rain,41.7478,0,high
700,fog,55.5232,0,medium
1546,fog,33.109,1,high
1784,rain,38.2143,0,high
1899,clear,37.8563,0,high
408,clear,78.7503,0,low
688,rain,63.3416,0,medium
1279,clear,68.0759,0,medium
1252,clear,65.4129,0,medium
735,clear,80.0272,0,medium
1241,clear,58.7225,0,medium
1451,rain,48.2547,0,high
220,clear,82.953,0,low
826,clear,80.3423,0,medium
1375,clear,62.6552,0,medium
1545,clear,51.8094,0,high
1234,fog,37.8416,0,medium
853,clear,69.9983,0,medium
502,clear,94.3062,0,low
1079,clear,64.7682,0,medium
1094,clear,66.008,0,medium
1912,clear,35.9052,0,high
1699,clear,45.8867,0,high
1884,clear,43.9215,0,high
1775,clear,50.0258,0,high
519,rain,76.0158,1,low
1980,fog,16.0755,0,high
932,rain,56.5292,0,medium
547,rain,63.4199,0,low
1609,clear,53.1098,0,high
1642,clear,51.5092,0,high
1641,clear,50.5902,0,high
1201,rain,45.8684,0,medium
1741,clear,45.3856,0,high
1582,clear,49.1988,0,high
253,rain,79.9512,0,low
1551,clear,52.3786,0,high
453,clear,94.2126,0,low
315,rain,71.0621,0,low
732,fog,45.7931,0,medium
1997,fog,10.1954,0,high
1497,clear,61.6617,0,high
1764,clear,41.5278,0,high
1287,rain,48.1296,0,medium
1526,rain,46.6595,0,high
1995,clear,41.6272,0,high
1460,clear,53.2878,0,high
267,snow,58.6599,0,low
266,clear,80.3718,0,low
811,rain,61.5893,0,medium
1544,fog,29.0621,0,high
936,snow,35.6187,0,medium
783,clear,82.6829,0,medium
1407,clear,58.977,0,high
1379,clear,55.8679,0,medium
204,rain,79.8242,0,low
717,rain,50.6793,0,medium
169,clear,100.7462,0,low
1110,clear,64.2079,0,medium
242,rain,74.3715,0,low
551,clear,80.8794,0,low
1434,clear,52.3713,0,high
1983,clear,45.2322,0,high
1019,clear,69.6711,0,medium
1590,clear,56.6559,0,high
1390,clear,58.2233,0,medium
250,rain,82.9195,0,low
478,clear,85.2896,0,low
1956,clear,48.221,0,high
180,clear,100.7004,0,low
317,clear,84.3231,0,low
229,clear,99.5004,0,low
1175,clear,64.6831,0,medium
807,clear,78.6867,0,medium
1999,clear,46.4801,0,high
1203,snow,37.4001,1,medium
1917,clear,38.1085,0,high
1895,clear,42.5122,0,high
1705,clear,46.7381,0,high
671,rain,65.1617,1,medium
1989,fog,10.0,0,high
1039,rain,60.9071,0,medium
827,clear,71.2096,0,medium
466,clear,88.7723,0,low
692,clear,79.957,0,medium
1654,fog,26.4988,0,high
748,clear,81.1137,0,medium
1236,clear,58.9452,0,medium
1940,clear,43.0742,0,high
1237,clear,67.5728,0,medium
178,clear,91.5953,0,low
1512,clear,57.3599,0,high
508,clear,89.7811,0,low
757,snow,44.5133,0,medium
559,clear,82.7181,0,low
535,clear,78.7527,0,low
1755,clear,57.9617,0,high
1298,clear,54.5916,0,medium
1744,clear,46.9043,0,high
1179,snow,25.9395,0,medium
766,clear,69.8612,0,medium
1957,clear,44.5161,0,high
1472,clear,51.3277,0,high
525,clear,86.7429,0,low
952,clear,73.5042,0,medium
1976,clear,44.1749,0,high
901,clear,77.9236,0,medium
390,rain,78.7511,0,low
393,clear,91.9797,0,low
456,rain,73.234,0,low
1118,clear,71.6593,0,medium
1129,clear,59.4088,0,medium
827,rain,55.5828,0,medium
1639,rain,37.4987,0,high
407,clear,100.1256,0,low
300,clear,97.8328,0,low
1636,clear,53.7359,0,high
991,clear,72.2256,0,medium
1881,clear,51.6092,0,high
1157,fog,46.5814,1,medium
1407,clear,52.2886,0,high
684,rain,63.9935,0,medium
883,fog,52.903,0,medium
1277,clear,57.5378,0,medium
1420,clear,56.1358,0,high
331,clear,88.9172,0,low
1479,clear,55.681,0,high
1854,clear,48.4383,0,high
1842,clear,46.0087,0,high
1629,rain,39.1709,0,high
1020,rain,51.148,0,medium
1798,clear,35.6653,0,high
624,clear,82.6459,0,medium
293,clear,93.3077,0,low
579,clear,74.8707,0,low
516,clear,81.5164,0,low
128,clear,98.6181,0,low
1368,clear,59.2893,0,medium
136,clear,101.9535,0,low
1162,snow,27.5151,0,medium
1795,clear,54.3392,0,high
1641,clear,50.1738,0,high
1973,fog,15.6896,0,high
382,rain,81.7279,0,low
870,clear,78.0833,0,medium
1738,clear,42.1972,0,high
437,rain,74.1318,0,low
229,clear,85.6114,0,low
1448,clear,48.6028,0,high
756,clear,81.8837,0,medium
1835,rain,33.4419,0,high
814,clear,76.8414,0,medium
1450,clear,63.991,0,high
435,fog,72.4409,1,low
650,clear,83.2609,0,medium
1560,clear,59.1679,0,high
209,clear,90.9763,0,low
1824,clear,36.6089,0,high
1817,clear,49.0855,0,high
432,clear,88.097,0,low
991,fog,53.2896,0,medium
464,fog,65.2047,1,low
1403,clear,54.5805,0,high
896,fog,44.2659,0,medium
1349,clear,57.7399,0,medium
1786,clear,57.3422,0,high
268,clear,87.7341,0,low
108,clear,99.1235,0,low
434,clear,84.5344,0,low
280,clear,88.435,0,low
1281,clear,61.1997,0,medium
1538,clear,46.1404,0,high
1891,rain,28.2586,0,high
1267,clear,63.4447,0,medium
361,rain,69.7772,0,low
1757,clear,45.7151,0,high
420,snow,51.1789,0,low
582,clear,81.186,0,low
411,clear,87.0226,0,low
408,clear,94.7587,0,low
492,fog,56.0374,0,low
131,rain,77.4286,0,low
1714,rain,32.5964,0,high
1139,clear,60.0158,0,medium
958,clear,65.9532,0,medium
1470,fog,35.45,0,high
193,clear,102.6304,0,low
736,clear,75.6133,0,medium
256,clear,95.213,0,low
852,clear,74.2101,0,medium
481,rain,70.5722,0,low
716,clear,80.7059,0,medium
901,rain,54.8526,0,medium
508,fog,55.2297,0,low
1780,clear,45.643,0,high
637,clear,77.9854,0,medium
823,fog,53.0036,1,medium
1689,clear,46.5026,0,high
1906,clear,45.9708,0,high
1706,clear,58.6752,0,high
386,rain,73.4826,0,low
1001,fog,41.9821,0,medium
1447,clear,56.8772,0,high
877,clear,70.8302,0,medium
1970,snow,10.0,0,high
1262,clear,57.7478,0,medium
321,clear,92.7948,0,low
193,clear,89.2902,0,low
144,clear,104.8006,0,low
1141,snow,22.3222,0,medium
1415,clear,56.7122,0,high
919,clear,69.4707,0,medium
598,fog,48.4034,0,low
663,clear,81.8561,0,medium
1664,clear,51.8703,0,high
1656,clear,54.8422,0,high
1950,snow,10.0,1,high
913,clear,74.3885,0,medium
1014,clear,66.5196,0,medium
1651,clear,52.7359,0,high
533,clear,82.4507,0,low
1444,clear,62.1455,0,high
1749,clear,50.1639,0,high
185,clear,91.5112,0,low
1068,clear,65.4853,0,medium
432,clear,82.4424,0,low
662,clear,77.7455,0,medium
835,clear,71.0205,0,medium
1006,rain,52.4628,0,medium
652,rain,64.5044,0,medium
1416,fog,37.2554,0,high
668,clear,75.8326,1,medium
590,clear,79.7738,0,low
762,clear,78.6055,0,medium
1287,clear,54.5375,0,medium
629,rain,63.3792,0,medium
1919,snow,10.0,0,high
343,snow,60.5025,0,low
344,fog,64.9724,0,low
261,rain,79.8271,0,low
581,clear,79.3772,0,low
966,rain,49.9487,0,medium
1764,rain,36.2391,1,high
615,clear,75.5834,0,medium
1953,clear,41.3271,0,high
455,rain,75.8748,0,low
1024,clear,69.956,0,medium
1497,clear,52.6133,0,high
583,clear,90.0794,0,low
410,rain,76.4535,0,low
1628,clear,54.7859,0,high
182,clear,83.6211,0,low
1072,rain,59.0662,0,medium
1143,fog,42.6375,0,medium
153,clear,91.1319,0,low
1754,rain,31.2897,0,high
1679,snow,16.4919,0,high
937,rain,59.4685,0,medium
1750,clear,49.5291,0,high
535,clear,89.9432,0,low
1456,rain,35.1164,0,high
862,clear,80.3628,0,medium
995,clear,70.8276,0,medium
223,clear,92.9799,0,low
497,clear,93.362,0,low
482,clear,84.244,0,low
459,clear,92.361,0,low
1843,clear,48.9244,0,high
1198,clear,61.2079,0,medium
1826,clear,37.3804,0,high
1201,clear,69.7151,0,medium
150,rain,80.8133,0,low
1349,snow,24.7251,0,medium
1300,rain,42.246,0,medium
1337,clear,59.5003,0,medium
1017,clear,65.1339,0,medium
1402,clear,65.3852,0,high
1449,clear,55.2574,0,high
210,rain,76.9888,0,low
284,rain,74.3566,0,low
497,clear,83.8802,0,low
899,clear,72.4589,0,medium
462,clear,88.1158,0,low
1834,clear,34.7445,0,high
629,clear,80.4441,0,medium
157,fog,67.7815,0,low
546,snow,54.7223,0,low
1275,clear,56.0045,0,medium
1815,rain,29.9143,1,high
900,clear,71.0219,0,medium
1607,clear,43.9138,0,high
1687,rain,33.2687,0,high
1906,fog,14.8693,0,high
315,clear,84.8928,0,low
569,clear,82.2494,0,low
345,fog,69.4432,0,low
1506,clear,57.8381,0,high
924,clear,75.2205,0,medium
1048,clear,69.3243,0,medium
410,rain,81.143,0,low
631,clear,80.1681,0,medium
1828,clear,36.4279,0,high
1163,clear,61.1914,0,medium
1268,snow,30.4101,0,medium
1949,clear,38.1852,0,high
1193,clear,63.7974,0,medium
1725,clear,41.9627,0,high
1206,fog,34.0586,0,medium
451,clear,77.3922,0,low
590,rain,67.7506,0,low
1126,clear,71.6642,0,medium
1589,clear,52.416,0,high
415,rain,70.1835,0,low
1066,clear,72.7616,0,medium
336,rain,77.3133,1,low
1560,rain,41.6636,0,high
1632,clear,59.4352,0,high
750,fog,47.4031,0,medium
1557,snow,17.7647,1,high
110,fog,77.9443,0,low
572,clear,79.1275,0,low
1061,snow,40.9344,0,medium
1361,clear,58.8294,0,medium
302,clear,85.5852,0,low
266,clear,88.7807,0,low
546,clear,86.5916,0,low
421,clear,86.2339,1,low
883,fog,50.1539,0,medium
467,clear,90.2189,0,low
903,rain,46.9785,0,medium
1638,rain,33.8392,0,high
621,clear,90.3041,0,medium
226,clear,97.6965,1,low
1381,clear,48.7784,0,medium
1751,rain,34.0036,0,high
1429,clear,59.6455,0,high
1683,clear,54.4613,0,high
353,clear,89.0398,0,low
1556,fog,32.0059,0,high
164,snow,61.2884,1,low
638,snow,51.0076,1,medium
221,fog,69.9375,1,low
440,clear,85.0097,0,low
719,clear,77.5396,0,medium
306,rain,74.9901,0,low
415,rain,80.2205,0,low
1185,clear,65.1041,0,medium
572,clear,90.2935,0,low
609,clear,84.989,0,medium
1190,clear,63.1137,0,medium
129,clear,101.0711,1,low
1356,clear,55.8367,0,medium
382,clear,82.0825,0,low
779,snow,41.0584,0,medium
897,fog,42.7875,0,medium
224,rain,77.2456,0,low
1166,rain,49.8542,0,medium
676,clear,83.7349,0,medium
161,clear,100.6818,0,low
1758,snow,10.0,0,high
1357,rain,48.0052,0,medium
1286,rain,53.4584,0,medium
504,fog,71.2139,1,low
802,fog,48.6289,0,medium
245,snow,63.6125,1,low
1369,snow,32.391,0,medium
1760,clear,42.2594,0,high
424,rain,72.6352,0,low
984,clear,66.8094,0,medium
496,clear,92.608,0,low
296,clear,93.0772,0,low
586,rain,71.8323,0,low
1795,rain,32.0703,0,high
1441,clear,54.6238,0,high
435,rain,73.4438,0,low
918,clear,77.3976,0,medium
1923,clear,39.0887,0,high
637,fog,55.6801,0,medium
1777,rain,23.7711,0,high
150,rain,81.1136,0,low
397,fog,61.9367,0,low
1675,fog,26.1769,0,high
461,rain,71.8072,0,low
1089,clear,63.0516,0,medium
1249,clear,55.2046,0,medium
1222,clear,63.7315,0,medium
1872,clear,43.318,0,high
674,clear,80.7931,0,medium
1446,clear,56.1869,0,high
1809,clear,46.2821,0,high
316,fog,66.4018,0,low
619,clear,85.4909,0,medium
1414,rain,45.5713,0,high
414,rain,68.1286,0,low
1406,fog,29.9344,0,high
849,rain,57.5661,0,medium
1782,clear,55.3348,0,high
1174,clear,71.7859,0,medium
1047,clear,75.3651,0,medium
315,clear,92.9691,0,low
1813,clear,46.8039,0,high
1533,clear,55.3174,0,high
1752,clear,44.169,0,high
951,clear,78.9654,0,medium
1779,clear,43.6589,0,high
1686,clear,47.8945,0,high
315,rain,75.4412,0,low
991,rain,47.734,0,medium
1870,clear,44.5511,0,high
169,clear,93.7819,0,low
1640,clear,44.1394,0,high
820,fog,46.2302,0,medium
504,clear,73.9081,0,low
1060,clear,78.8682,0,medium
1779,clear,43.4735,0,high
1223,clear,67.9881,0,medium
1586,clear,47.3253,0,high
1108,rain,48.3823,0,medium
314,rain,65.6979,0,low
993,clear,78.2551,0,medium
1500,rain,42.8138,0,high
1019,clear,72.6149,0,medium
1058,rain,55.1602,0,medium
348,fog,64.5212,0,low
1919,rain,34.8919,0,high
439,clear,87.8657,0,low
1515,snow,16.1123,0,high
1672,rain,34.0078,0,high
1430,clear,57.6611,0,high
139,fog,70.6096,0,low
1199,rain,51.7356,0,medium
945,rain,50.7376,0,medium
361,clear,86.5016,0,low
773,clear,79.0672,0,medium
1186,rain,55.5416,0,medium
135,fog,75.4027,1,low
1967,clear,40.1867,0,high
945,fog,37.3768,0,medium
208,fog,70.3042,0,low
1853,clear,52.0473,0,high
1539,rain,38.0361,0,high
1697,snow,20.6018,1,high
943,clear,77.1873,0,medium
442,fog,63.062,0,low
1725,clear,51.8268,0,high
804,clear,78.9796,0,medium
1526,rain,44.0102,0,high
1910,clear,41.9002,0,high
1943,fog,17.2488,0,high
1710,clear,49.1892,0,high
1559,clear,58.2121,0,high
562,rain,72.7571,0,low
1203,rain,53.3549,0,medium
705,clear,78.5498,0,medium
1769,snow,13.2853,1,high
1271,clear,59.4,0,medium
191,clear,94.7338,0,low
557,clear,87.8466,0,low
799,clear,72.6384,0,medium
479,clear,85.1067,0,low
1669,fog,23.8616,0,high
392,rain,72.3174,1,low
548,clear,84.4251,1,low
1262,clear,64.7836,0,medium
1036,clear,75.4574,0,medium
1398,clear,63.2041,0,medium
770,fog,63.14,0,medium
421,fog,68.4143,0,low
644,snow,42.0201,0,medium
729,rain,52.6153,0,medium
278,clear,91.2964,0,low
968,clear,73.7588,0,medium
427,rain,64.1766,0,low
1700,fog,30.8799,0,high
239,clear,93.9678,1,low
749,fog,58.7947,0,medium
1232,rain,44.2935,0,medium
690,rain,63.1791,0,medium
312,clear,95.3822,0,low
1788,clear,43.2129,0,high
1127,rain,55.1441,0,medium
858,clear,70.9067,0,medium
1505,clear,50.2126,0,high
1715,clear,50.2853,0,high
534,rain,71.8316,0,low
786,clear,76.7159,0,medium
739,rain,71.4359,0,medium
684,clear,74.8799,0,medium
1247,clear,70.6109,0,medium
176,clear,90.646,0,low
372,clear,81.4895,0,low
797,clear,67.1704,0,medium
246,clear,87.4408,0,low
424,fog,69.5879,0,low
1075,clear,66.6702,0,medium
510,clear,76.2305,0,low
1151,fog,40.5672,0,medium
1161,clear,69.2182,0,medium
413,snow,51.2394,1,low
1089,clear,64.9843,0,medium
1370,fog,33.0968,0,medium
1430,clear,53.294,0,high
872,snow,38.4859,0,medium
1224,clear,56.112,0,medium
548,clear,78.5535,0,low
509,rain,62.0365,0,low
1728,rain,36.4078,0,high
1035,clear,76.0079,0,medium
1582,clear,51.0394,0,high
456,clear,88.9015,0,low
1801,clear,52.8148,0,high
1447,rain,37.9237,0,high
1413,clear,70.3129,0,high
1304,fog,33.2399,0,medium
785,fog,48.0682,0,medium
1229,clear,63.9554,0,medium
1530,rain,36.5377,0,high
306,fog,68.6078,1,low
1120,clear,70.9204,0,medium
1630,clear,50.354,0,high
1872,clear,49.084,0,high
584,rain,68.0504,0,low
444,fog,59.6372,0,low
1618,snow,19.77,0,high
1522,fog,29.1839,0,high
1987,clear,40.9466,0,high
294,rain,75.2545,0,low
1154,clear,64.1219,0,medium
1638,clear,56.6701,0,high
1422,clear,61.9245,0,high
1142,clear,66.3019,0,medium
783,clear,80.6169,0,medium
1970,snow,10.0,1,high
1958,clear,44.3141,0,high
1387,clear,63.0378,0,medium
1584,clear,52.1559,0,high
127,clear,94.3166,0,low
963,clear,63.8308,0,medium
1307,clear,64.2184,0,medium
893,clear,78.3288,0,medium
732,clear,71.8169,0,medium
1890,clear,45.3647,0,high
448,rain,81.9484,0,low
1161,clear,67.8195,0,medium
1850,clear,46.5489,0,high
1903,rain,32.7423,0,high
1546,clear,54.7152,0,high
1975,rain,30.1658,0,high
1196,clear,61.3389,0,medium
303,clear,93.6733,0,low
337,clear,83.2774,0,low
694,rain,66.6721,0,medium
825,clear,73.5724,0,medium
1880,rain,32.7473,0,high
310,clear,91.6828,0,low
1983,clear,35.1063,0,high
1371,clear,58.0031,0,medium
1592,clear,43.0364,0,high
1154,clear,76.2755,0,medium
1760,clear,52.4341,0,high
859,clear,76.0135,0,medium
760,rain,71.2919,0,medium
848,clear,74.9407,0,medium
1873,clear,42.8104,0,high
212,clear,102.5987,1,low
965,clear,73.3075,0,medium
879,clear,77.4951,0,medium
1245,fog,45.1169,0,medium
1691,clear,41.5024,0,high
1659,clear,53.1215,0,high
1717,clear,46.2173,0,high
1148,fog,36.8609,0,medium
980,rain,57.8391,0,medium
483,clear,92.192,0,low
976,clear,74.858,0,medium
1938,clear,42.8293,0,high
812,clear,63.4176,0,medium
1141,fog,28.3408,0,medium
884,fog,47.0044,0,medium
462,fog,54.3012,0,low
1903,clear,46.8191,0,high
1035,clear,71.1662,0,medium
1032,clear,62.1451,0,medium
242,fog,67.4148,0,low
442,clear,75.5378,0,low
174,clear,95.5783,0,low
1086,clear,65.7888,0,medium
1703,clear,47.263,0,high
588,clear,88.0956,0,low
955,clear,76.0699,0,medium
577,clear,77.4108,0,low
1751,snow,10.0,0,high
1359,clear,53.3272,0,medium
1289,rain,43.6581,0,medium
1016,clear,79.163,0,medium
1291,clear,55.5878,0,medium
553,clear,90.215,0,low
1563,rain,40.6876,0,high
1449,clear,59.9937,0,high
792,rain,67.0694,0,medium
1470,clear,58.8953,0,high
677,clear,90.7503,0,medium
1469,clear,51.8152,0,high
544,clear,88.9194,0,low
537,rain,69.0188,0,low
1938,clear,41.1534,0,high
284,rain,82.0923,1,low
399,rain,76.2794,0,low
886,clear,65.9589,0,medium
1436,rain,41.7205,0,high
1620,snow,17.2778,1,high
1445,rain,48.7199,0,high
1764,clear,44.8632,0,high
1533,rain,40.9702,0,high
1377,snow,22.3458,0,medium
1301,clear,65.3237,0,medium
182,fog,63.2866,0,low
451,fog,59.1929,0,low
1689,clear,40.3292,0,high
133,snow,60.0612,1,low
515,fog,66.5139,0,low
373,fog,67.5692,0,low
137,fog,70.0062,0,low
968,fog,40.8302,0,medium
477,rain,68.8063,0,low
1799,rain,29.7653,0,high
1508,rain,39.8019,0,high
433,fog,61.2684,0,low
656,clear,79.3523,0,medium
440,clear,82.4126,0,low
219,clear,89.2562,0,low
827,clear,74.5171,0,medium
1636,fog,25.1103,0,high
340,clear,90.8973,0,low
1570,clear,58.4937,0,high
903,clear,65.543,0,medium
580,clear,75.2921,0,low
1501,clear,58.2155,1,high
1247,fog,47.2328,0,medium
1015,clear,66.6701,0,medium
113,clear,100.8525,0,low
990,rain,57.0616,0,medium
980,rain,60.4299,0,medium
397,clear,92.1919,0,low
1144,clear,71.0375,0,medium
1094,snow,22.0738,0,medium
1931,clear,36.8803,0,high
644,clear,79.8265,0,medium
1795,clear,45.1071,0,high
1703,clear,49.9753,0,high
196,clear,98.8377,0,low
1385,clear,74.936,0,medium
599,snow,51.71,0,low
558,clear,91.3916,0,low
1275,clear,56.5061,0,medium
458,clear,77.8869,0,low
775,clear,89.6986,0,medium
1377,clear,56.595,0,medium
1625,rain,33.6896,0,high
408,rain,66.8492,0,low
536,clear,84.6145,0,low
1553,clear,68.1025,0,high
1514,clear,64.5927,0,high
478,rain,72.7975,0,low
816,clear,81.973,0,medium
1353,fog,42.2031,0,medium
783,rain,73.0841,0,medium
767,clear,85.5129,0,medium
971,snow,31.0017,0,medium
1172,rain,56.6015,0,medium
1802,snow,10.0,0,high
1345,snow,22.0312,0,medium
1715,clear,52.8945,0,high
1620,clear,50.8301,0,high
1248,snow,32.7919,0,medium
1852,clear,53.7278,0,high
1612,clear,52.3537,0,high
981,clear,80.146,0,medium
1513,snow,15.8997,0,high
349,clear,83.0672,0,low
245,fog,72.4201,1,low
1439,rain,40.9283,0,high
751,clear,79.0664,0,medium
1965,clear,35.3504,0,high
1898,fog,21.723,0,high
1818,clear,49.9716,0,high
1440,clear,55.0889,0,high
1794,rain,27.1591,0,high
458,rain,65.6053,0,low
1285,clear,67.3361,0,medium
1286,rain,39.55,0,medium
372,rain,80.0566,0,low
871,clear,66.2683,0,medium
887,clear,68.9014,0,medium
1312,clear,53.1852,0,medium
960,clear,71.3589,0,medium
1404,clear,58.4825,0,high
1418,clear,59.4228,0,high
820,rain,67.9958,0,medium
1037,clear,78.6753,0,medium
776,clear,74.5555,0,medium
189,clear,97.543,0,low
1902,clear,40.503,0,high
1100,clear,66.4053,0,medium
880,clear,86.9666,0,medium
237,clear,100.3,0,low
1233,snow,24.1551,0,medium
1197,rain,49.9154,0,medium
1655,fog,15.0702,0,high
1300,clear,62.5555,0,medium
1363,snow,22.0724,0,medium
1632,rain,42.0129,0,high
925,clear,71.8001,0,medium
205,clear,88.7352,0,low
1223,fog,36.3661,0,medium
1368,clear,60.8586,0,medium
418,clear,88.3949,0,low
1815,clear,51.6926,0,high
1230,clear,64.3367,0,medium
1737,clear,59.7102,0,high
1647,fog,33.7579,0,high
430,snow,54.5256,1,low
1096,fog,42.5337,0,medium
375,clear,87.5326,0,low
1433,clear,50.7111,0,high
1387,clear,52.6251,0,medium
1876,fog,22.4738,0,high
290,rain,75.3938,1,low
841,rain,52.652,0,medium
1506,clear,47.5339,0,high
1048,rain,51.0123,0,medium
371,clear,88.7941,0,low
160,rain,80.7839,0,low
656,rain,64.6021,0,medium
101,clear,95.3566,0,low
983,clear,72.0703,0,medium
1206,clear,66.3839,0,medium
1926,clear,49.9049,0,high
842,clear,68.4238,0,medium
504,clear,82.5542,0,low
931,fog,43.6808,0,medium
257,rain,76.5746,0,low
1002,snow,41.2899,0,medium
1723,rain,40.9265,0,high
1281,rain,38.9196,0,medium
1779,fog,10.0,0,high
535,clear,84.4725,0,low
704,clear,70.4945,0,medium
1905,clear,40.595,0,high
1261,clear,66.5688,0,medium
874,clear,74.652,0,medium
980,clear,67.782,0,medium
767,clear,82.9698,0,medium
1526,rain,46.9591,0,high
1235,clear,68.4863,0,medium
553,clear,86.5626,0,low
1068,rain,51.846,0,medium
293,clear,90.3095,0,low
1562,rain,43.3369,0,high
1354,clear,60.259,0,medium
968,fog,48.2091,0,medium
1316,clear,57.0983,0,medium
658,rain,66.2231,0,medium
607,clear,92.1545,0,medium
993,clear,68.2623,0,medium
1402,clear,55.6766,0,high
766,clear,81.581,0,medium
775,fog,44.0437,0,medium
1704,clear,50.932,0,high
1159,fog,42.1268,0,medium
1287,rain,42.4997,0,medium
730,clear,74.3097,0,medium
925,rain,53.6159,0,medium
454,clear,91.78,0,low
499,clear,85.0946,0,low
538,clear,81.1286,0,low
186,fog,71.2368,0,low
1696,clear,47.5038,0,high
1757,clear,47.9367,0,high
1859,clear,57.9015,0,high
1982,clear,40.6624,0,high
962,clear,76.1374,0,medium
800,rain,54.7091,0,medium
706,clear,73.0715,0,medium
1404,clear,54.8325,0,high
1989,fog,22.8836,0,high
721,snow,44.4532,0,medium
866,clear,83.6911,0,medium
470,snow,54.9847,0,low
1363,clear,62.9544,0,medium
1744,fog,23.638,0,high
1334,rain,32.3898,0,medium
980,rain,48.1445,0,medium
679,clear,72.4948,0,medium
505,clear,83.761,0,low
896,rain,67.8841,0,medium
1190,snow,28.1184,0,medium
1274,rain,49.2387,0,medium
241,rain,76.6039,0,low
661,clear,85.4826,0,medium
678,clear,74.5398,0,medium
861,rain,57.4126,0,medium
1214,clear,66.0204,0,medium
1545,clear,51.9321,0,high
257,clear,93.922,0,low
1345,clear,63.6763,0,medium
625,fog,50.927,0,medium
1315,clear,62.8837,0,medium
1782,rain,33.7523,0,high
1224,fog,41.2342,0,medium
960,clear,70.3827,0,medium
1495,clear,56.9449,0,high
1634,clear,54.967,0,high
586,rain,63.532,0,low
1766,clear,46.9482,0,high
389,fog,66.8296,0,low
637,rain,68.2872,0,medium
938,clear,73.7314,0,medium
572,clear,81.9225,0,low
317,rain,74.6852,0,low
1774,fog,19.4933,0,high
485,clear,90.0316,0,low
456,clear,82.409,0,low
1467,snow,20.2518,0,high
1648,clear,51.9991,0,high
951,clear,72.3808,0,medium
270,clear,91.749,0,low
1751,clear,46.0938,0,high
330,clear,94.3346,0,low
1608,fog,32.5374,0,high
105,clear,112.0418,0,low
1017,clear,68.2568,0,medium
1682,clear,54.3164,0,high
958,clear,77.6859,0,medium
219,fog,63.891,0,low
1650,clear,54.0285,0,high
1355,clear,65.3336,0,medium
1470,rain,51.6809,0,high
617,clear,84.6672,0,medium
1330,clear,60.9282,0,medium
184,clear,90.5185,0,low
1649,clear,50.5046,0,high
1143,fog,33.2409,0,medium
1939,fog,20.9541,0,high
355,clear,86.7802,0,low
260,rain,73.0145,0,low
1692,clear,42.6543,0,high
1912,fog,19.3868,0,high
713,clear,78.2741,0,medium
211,fog,71.6549,0,low
543,clear,85.4463,0,low
133,fog,61.9741,0,low
845,clear,72.6736,0,medium
1853,clear,46.7453,0,high
1746,clear,46.9959,0,high
978,clear,70.7839,0,medium
399,clear,92.3682,0,low
749,clear,81.8972,0,medium
741,rain,66.7287,0,medium
772,fog,49.522,1,medium
498,clear,87.5625,0,low
1029,clear,74.9215,0,medium
512,rain,68.1788,0,low
1289,rain,43.1373,0,medium
1924,fog,18.0981,0,high
1155,clear,67.5258,0,medium
1300,clear,60.3206,0,medium
439,clear,78.6544,0,low
351,fog,56.7573,0,low
1043,fog,42.4841,0,medium
1191,rain,44.5679,0,medium
543,rain,67.6542,0,low
1876,rain,26.5118,0,high
267,clear,92.4174,0,low
1069,clear,59.621,0,medium
1072,clear,73.403,0,medium
725,rain,63.4297,0,medium
832,rain,59.9679,0,medium
1777,clear,45.4153,0,high
1903,fog,24.095,0,high
1498,clear,55.3368,0,high
1516,clear,50.2889,0,high
1985,rain,19.5781,0,high
136,clear,96.9018,0,low
1396,clear,65.2099,0,medium
445,clear,89.558,1,low
1328,clear,59.9834,0,medium
247,clear,80.1393,0,low
1439,rain,43.3732,0,high
392,clear,92.0197,0,low
1015,clear,58.8118,0,medium
1323,snow,34.4641,0,medium
977,rain,58.4679,0,medium
1914,clear,40.592,0,high
1204,clear,68.8518,0,medium
1494,clear,54.7207,0,high
261,clear,82.8564,0,low
461,clear,87.9054,0,low
816,rain,61.8422,0,medium
870,clear,73.7285,0,medium
457,clear,76.3054,0,low
372,fog,63.0125,0,low
1566,clear,53.9429,0,high
623,fog,51.6538,0,medium
560,clear,75.6515,0,low
1458,clear,55.3137,0,high
1676,rain,26.2935,0,high
1476,rain,30.6759,0,high
1936,rain,30.823,0,high
1852,rain,34.054,0,high
1574,rain,42.0649,0,high
1530,rain,40.3378,0,high
1326,clear,52.3699,0,medium
1840,clear,40.416,0,high
838,fog,42.675,0,medium
386,clear,97.2769,0,low
1017,clear,78.2133,0,medium
515,clear,83.0903,0,low
1403,clear,57.7854,0,high
1685,clear,45.6122,0,high
1220,clear,60.3539,0,medium
1066,clear,72.5883,0,medium
836,clear,74.1322,0,medium
1587,clear,53.9414,0,high
1128,clear,61.3543,0,medium
1777,fog,21.8728,0,high
125,clear,89.7656,0,low
400,fog,62.6657,0,low
102,clear,97.5494,0,low
1742,clear,46.8456,0,high
1056,clear,68.9012,0,medium
614,clear,79.3517,0,medium
196,clear,93.3184,0,low
956,clear,68.4326,0,medium
1459,fog,36.6285,0,high
897,clear,76.7626,0,medium
730,clear,72.8057,0,medium
1956,clear,35.9234,0,high
1302,clear,54.3041,0,medium
1760,clear,44.4086,0,high
898,rain,62.8358,0,medium
1365,clear,55.6798,0,medium
402,clear,90.217,0,low
1919,snow,15.3144,0,high
593,clear,79.8095,0,low
892,clear,75.6193,0,medium
181,clear,96.4483,0,low
166,fog,70.0492,1,low
460,snow,45.5961,0,low
1152,clear,67.9887,0,medium
725,clear,74.7778,0,medium
1961,clear,38.6246,0,high
1323,clear,56.0158,0,medium
830,clear,77.0004,0,medium
849,clear,66.8752,0,medium
1566,clear,53.0269,0,high
479,clear,83.8056,0,low
774,clear,79.5577,0,medium
1642,rain,39.468,0,high
1544,rain,31.7563,0,high
1476,clear,58.2924,0,high
1627,clear,58.4776,0,high
579,fog,57.0186,0,low
366,clear,86.6703,0,low
679,clear,75.1232,0,medium
628,rain,66.9843,0,medium
136,clear,98.1676,0,low
1666,clear,53.1419,0,high
417,clear,88.0989,0,low
1858,clear,50.0912,0,high
1850,rain,30.0006,0,high
1861,clear,46.2355,0,high
1270,fog,33.5318,0,medium
415,fog,54.6283,0,low
1747,clear,44.3934,0,high
1855,clear,53.5185,0,high
488,fog,58.7634,0,low
1013,fog,41.8686,0,medium
515,clear,82.176,0,low
130,clear,84.3077,0,low
558,clear,81.4011,0,low
1039,clear,67.2729,0,medium
1977,fog,17.325,1,high
1994,snow,10.0,0,high
1227,snow,20.8981,0,medium
1533,clear,48.7895,0,high
1830,clear,36.529,0,high
1798,rain,24.8113,0,high
117,clear,90.8488,0,low
743,clear,70.2413,0,medium
1635,clear,55.5126,0,high
292,clear,87.2943,0,low
405,clear,84.1035,0,low
1519,clear,52.5237,0,high
1866,snow,10.0,0,high
1623,clear,48.7122,0,high
946,clear,74.9714,0,medium
143,clear,100.9977,0,low
109,fog,76.0948,1,low
1667,clear,58.5537,0,high
1627,clear,51.1521,0,high
1110,clear,64.3149,0,medium
535,rain,68.8649,0,low
1041,rain,52.9012,0,medium
745,clear,79.4991,0,medium
513,clear,74.4341,0,low
1708,rain,25.9767,0,high
637,clear,79.9005,0,medium
1518,rain,43.6363,0,high
205,clear,100.6699,0,low
1326,rain,41.1585,0,medium
1571,clear,48.9298,0,high
433,fog,56.5962,0,low
738,rain,53.4734,0,medium
458,fog,68.9648,0,low
1688,clear,46.2937,0,high
1275,rain,48.6504,0,medium
1138,clear,69.1802,0,medium
251,rain,77.8686,0,low
1569,snow,21.6547,0,high
968,clear,79.5061,0,medium
1838,clear,46.5801,0,high
1899,clear,46.1352,0,high
656,clear,81.4499,0,medium
880,fog,47.2817,0,medium
828,clear,79.6778,0,medium
472,clear,85.775,0,low
1402,fog,27.3619,0,high
454,clear,84.6614,0,low
1712,fog,28.9062,0,high
1182,rain,51.3033,0,medium
1797,clear,44.2803,0,high
171,fog,73.9517,1,low
801,clear,75.4067,0,medium
1395,clear,62.413,0,medium
1679,clear,57.2539,0,high
1084,clear,58.0207,0,medium
1115,clear,57.9479,0,medium
1471,clear,58.1131,0,high
797,rain,64.2696,0,medium
1701,clear,47.6503,0,high
1918,clear,44.8982,0,high
1580,rain,35.9087,0,high
1865,clear,48.0272,0,high
214,clear,100.1348,0,low
1853,fog,28.2678,1,high
1344,clear,55.618,0,medium
694,rain,69.607,0,medium
1279,clear,52.9909,0,medium
1577,clear,58.0906,0,high
1840,clear,36.9277,0,high
510,fog,64.2121,0,low
238,rain,80.7583,0,low
813,clear,83.5302,0,medium
1142,clear,67.1465,0,medium
1735,clear,45.6082,0,high
1957,clear,33.9721,0,high
319,rain,69.3574,0,low
424,clear,87.3595,0,low
1826,clear,38.6314,0,high
465,clear,85.2784,0,low
1008,fog,45.8744,0,medium
132,clear,95.2331,0,low
1886,clear,49.3001,0,high
601,rain,58.3676,0,medium
1983,clear,46.3082,0,high
532,clear,91.2794,0,low
1764,rain,34.6993,0,high
1287,clear,64.0529,0,medium
262,rain,74.3153,0,low
572,rain,67.6946,0,low
1073,rain,50.1339,0,medium
1581,clear,58.0208,0,high
624,clear,74.294,0,medium
414,fog,70.2689,0,low
1843,clear,49.2383,0,high
1357,clear,60.2628,0,medium
881,clear,69.786,0,medium
1943,clear,38.1086,0,high
549,fog,59.0431,1,low
738,clear,73.6994,0,medium
1796,clear,52.3852,0,high
1754,clear,52.0344,0,high
1101,clear,68.7269,0,medium
186,clear,95.4334,0,low
1437,fog,33.9782,0,high
1290,clear,56.5552,0,medium
663,clear,80.4377,0,medium
363,clear,96.1136,0,low
1548,rain,45.0861,0,high
253,clear,83.5184,0,low
1129,clear,69.1937,0,medium
760,clear,80.4893,0,medium
1267,clear,59.3741,0,medium
1458,rain,41.7767,0,high
257,rain,71.6473,0,low
1953,fog,14.57,0,high
187,clear,99.5271,0,low
1545,rain,37.553,0,high
1871,snow,10.0,1,high
1611,clear,44.145,0,high
1522,clear,62.5669,0,high
432,snow,50.1773,0,low
1453,clear,49.5259,0,high
999,clear,65.6226,0,medium
983,fog,46.7014,0,medium
1743,fog,26.6596,0,high
657,fog,50.1688,0,medium
1839,clear,49.7098,0,high
590,clear,78.0231,0,low
1613,clear,59.4661,0,high
355,fog,66.9994,0,low
1362,fog,28.3054,0,medium
899,clear,72.6508,0,medium
758,clear,83.625,0,medium
1645,rain,39.6111,0,high
963,clear,72.6879,0,medium
717,fog,53.4267,0,medium
148,clear,98.8462,0,low
1103,fog,40.9946,0,medium
224,clear,99.3814,0,low
1059,rain,49.9258,0,medium
974,clear,65.2556,0,medium
115,rain,82.1102,0,low
1094,fog,46.3133,0,medium
1489,fog,31.4432,0,high
341,fog,58.0529,0,low
1969,rain,36.4936,0,high
1821,clear,49.8103,0,high
699,clear,72.6518,0,medium
913,clear,79.7988,0,medium
1426,clear,54.7166,0,high
1500,clear,58.2195,0,high
360,clear,88.0244,0,low
891,fog,43.6398,0,medium
1395,fog,39.1626,0,medium
640,clear,72.3996,0,medium
971,rain,55.7569,0,medium
625,rain,61.195,0,medium
831,snow,37.2292,0,medium
683,clear,78.2503,0,medium
1105,clear,67.6091,0,medium
1405,fog,26.0961,0,high
1560,rain,35.1024,0,high
1773,clear,52.7661,0,high
1215,clear,63.7791,0,medium
562,clear,82.3945,0,low
529,fog,64.0933,0,low
735,rain,64.6817,0,medium
1284,rain,48.8547,0,medium
673,rain,62.7703,0,medium
1531,rain,41.4876,0,high
1801,clear,49.3436,0,high
127,clear,89.8116,0,low
716,clear,78.4942,0,medium
376,clear,82.1839,0,low
1059,fog,43.2003,0,medium
1510,fog,33.8624,0,high
1014,rain,56.1418,0,medium
783,clear,82.711,0,medium
1029,clear,60.209,0,medium
723,clear,81.5911,0,medium
495,fog,56.5844,0,low
1413,fog,32.5267,0,high
1104,rain,56.2013,0,medium
475,fog,57.3853,0,low
1299,clear,54.2301,0,medium
216,rain,75.4486,0,low
887,clear,68.6314,0,medium
700,clear,80.8071,0,medium
365,clear,84.5771,0,low
1599,clear,53.5937,0,high
912,clear,70.6036,0,medium
1550,clear,49.8811,0,high
768,fog,51.7363,0,medium
912,clear,71.7366,0,medium
1774,fog,24.2648,0,high
529,clear,90.6865,0,low
1828,clear,54.7569,0,high
1891,clear,40.1943,0,high
815,rain,60.6459,0,medium
629,clear,79.9226,0,medium
1484,clear,50.2267,0,high
1087,fog,45.5713,0,medium
1499,clear,55.5393,0,high
1183,clear,64.1627,0,medium
1386,rain,53.728,0,medium
636,clear,75.1237,0,medium
1005,fog,50.188,0,medium
1435,clear,45.536,0,high
785,clear,75.6714,0,medium
1954,clear,41.1515,0,high
1881,clear,43.4132,0,high
1507,rain,38.9863,0,high
790,fog,51.1173,0,medium
1328,clear,65.0153,0,medium
1595,rain,39.6899,0,high
1769,rain,31.7095,0,high
817,fog,51.3993,0,medium
811,fog,54.9549,0,medium
1958,clear,47.4494,0,high
1187,clear,64.3475,0,medium
1149,clear,68.7589,0,medium
1605,rain,46.7854,0,high
751,snow,48.646,1,medium
1321,clear,56.1567,0,medium
1773,clear,52.8349,0,high
301,fog,70.8712,0,low
848,clear,77.5975,0,medium
287,clear,84.558,0,low
1251,clear,64.0758,0,medium
1543,fog,30.6155,0,high
539,clear,81.772,0,low
1433,clear,54.8038,0,high
1592,clear,47.1222,0,high
1762,rain,38.575,0,high
873,clear,75.4318,0,medium
1050,rain,48.4938,0,medium
331,clear,94.6306,0,low
1685,snow,17.0393,0,high
1182,clear,65.3446,0,medium
793,clear,79.1381,0,medium
1968,rain,23.0013,0,high
784,rain,63.9887,0,medium
1244,clear,56.247,0,medium
1503,rain,44.1908,0,high
1858,rain,32.3747,0,high
716,clear,77.6613,0,medium
562,clear,90.9642,0,low
256,fog,72.3102,1,low
1454,clear,51.6002,0,high
1049,clear,72.5863,0,medium
1343,clear,61.0076,0,medium
1664,clear,50.6955,0,high
1016,rain,54.502,0,medium
780,fog,51.2566,0,medium
635,clear,83.9777,1,medium
1425,clear,59.2576,0,high
1207,clear,59.5474,0,medium
522,clear,81.4122,0,low
1971,clear,42.7121,0,high
1922,clear,41.9664,0,high
1955,rain,26.4817,0,high
296,snow,54.1233,1,low
258,fog,61.6484,0,low
1986,rain,23.7646,0,high
416,fog,67.5566,0,low
1260,clear,62.2452,0,medium
541,clear,83.5031,0,low
1643,clear,48.6562,0,high
212,clear,95.2473,0,low
1807,clear,43.8824,0,high
1731,rain,31.5064,1,high
1778,clear,41.3198,0,high
1900,clear,38.6923,0,high
1370,fog,33.5925,0,medium
903,clear,69.0135,0,medium
672,rain,63.6481,0,medium
1787,fog,19.221,0,high
1921,rain,24.9825,0,high
547,clear,81.8333,0,low
310,rain,77.4824,0,low
582,clear,83.5618,0,low
1503,clear,63.2878,0,high
1311,rain,48.4095,0,medium
1029,snow,30.3861,0,medium
1653,rain,36.7514,0,high
250,rain,78.7668,0,low
1203,clear,63.4055,0,medium
1418,clear,61.9652,0,high
1740,clear,52.6506,0,high
130,fog,76.5174,0,low
210,clear,98.5736,0,low
1108,clear,65.2583,0,medium
1471,clear,59.2044,0,high
787,clear,72.1234,0,medium
1497,clear,56.2602,0,high
1975,clear,44.5683,0,high
1268,clear,58.1133,0,medium
174,clear,92.7256,0,low
160,clear,97.1193,1,low
371,clear,95.6296,0,low
289,clear,91.7907,0,low
1762,clear,48.8604,0,high
1434,rain,37.6615,0,high
1214,clear,67.8859,0,medium
1774,clear,51.0859,0,high
1855,clear,41.5959,0,high
1584,fog,33.142,0,high
134,clear,105.9514,0,low
1542,fog,26.1525,0,high
608,clear,85.8674,0,medium
307,rain,75.4799,0,low
1685,fog,28.9507,1,high
1323,rain,46.7734,0,medium
994,fog,53.2672,0,medium
702,rain,61.7546,0,medium
1583,clear,49.6136,0,high
1156,fog,39.5986,0,medium
1668,clear,44.0669,0,high
553,clear,82.9461,0,low
1692,clear,51.9316,0,high
1555,fog,30.3612,0,high
553,clear,86.1621,0,low
1524,clear,61.2188,0,high
160,clear,100.0345,0,low
381,rain,73.1387,0,low
1995,clear,45.4009,0,high
836,clear,77.165,0,medium
319,clear,88.7759,0,low
1496,fog,32.4974,0,high
831,snow,39.3315,0,medium
181,fog,65.9352,0,low
666,fog,52.8178,0,medium
389,fog,55.0588,0,low
1638,clear,43.8554,0,high
1926,rain,23.7077,0,high
470,rain,68.1277,0,low
144,fog,71.5433,0,low
162,rain,83.2675,0,low
1749,rain,32.6566,0,high
1918,rain,31.7226,0,high
1558,clear,55.9283,0,high
1602,clear,46.3334,0,high
1836,snow,10.0,0,high
887,fog,48.7068,0,medium
474,snow,48.853,0,low
1138,rain,56.0982,0,medium
1646,clear,50.3639,0,high
1487,rain,38.9902,0,high
756,rain,55.9439,0,medium
987,clear,70.4623,0,medium
917,clear,71.9437,0,medium
1514,clear,49.1455,0,high
986,fog,43.6391,0,medium
518,rain,72.1941,0,low
1446,clear,50.1333,0,high
573,clear,79.9787,0,low
1068,clear,73.1743,0,medium
955,rain,60.5244,0,medium
470,clear,84.5264,0,low
1325,clear,66.5583,0,medium
866,rain,59.1166,0,medium
747,rain,63.8581,0,medium
1580,clear,55.7122,0,high
575,snow,51.3407,0,low
1045,rain,48.4373,0,medium
705,clear,75.4759,0,medium
1645,clear,52.8373,0,high
1524,clear,52.3298,0,high
465,clear,85.1668,0,low
1353,clear,62.5527,0,medium
1324,rain,44.8444,0,medium
1892,clear,46.1159,0,high
778,clear,80.073,0,medium
1196,fog,43.2157,0,medium
101,clear,94.2461,0,low
865,rain,62.5263,0,medium
418,clear,86.5162,0,low
1489,fog,41.664,0,high
179,clear,101.4745,0,low
824,rain,64.3573,0,medium
1162,fog,36.078,0,medium
783,clear,77.9348,0,medium
1837,clear,52.0225,0,high
1758,clear,57.878,0,high
1492,clear,56.9115,0,high
743,rain,51.3315,0,medium
1349,snow,25.666,0,medium
680,clear,77.5121,0,medium
1555,rain,29.5486,0,high
321,rain,73.1697,0,low
1547,clear,49.766,0,high
1202,rain,47.6026,0,medium
1070,clear,68.1501,0,medium
1524,rain,44.9792,0,high
975,fog,37.8807,0,medium
311,clear,88.0379,0,low
1755,clear,51.1391,0,high
1125,rain,48.0416,0,medium
1382,clear,62.8137,0,medium
1731,clear,49.6822,0,high
1930,fog,18.8236,0,high
910,fog,45.9969,0,medium
877,clear,73.7659,0,medium
1582,rain,30.7782,0,high
1544,clear,56.461,0,high
1692,fog,26.2022,0,high
1671,clear,40.2783,0,high
214,rain,74.9081,0,low
438,clear,88.6018,0,low
324,fog,65.4418,0,low
1509,rain,37.4821,0,high
1866,fog,26.2331,0,high
1197,rain,48.8947,0,medium
1943,clear,42.1762,0,high
1078,clear,73.0329,0,medium
1627,clear,41.8857,0,high
1671,snow,10.0,0,high
844,clear,66.7129,0,medium
1364,clear,57.397,0,medium
1724,clear,41.075,0,high
1151,clear,68.1729,0,medium
1252,clear,63.2213,0,medium
1684,clear,60.6346,0,high
658,rain,67.6555,0,medium
1044,clear,76.4324,0,medium
500,clear,68.4628,0,low
1213,clear,63.1588,0,medium
238,rain,80.7612,0,low
458,clear,93.7414,0,low
623,clear,80.2191,0,medium
412,clear,92.536,0,low
564,clear,88.6893,0,low
1625,rain,49.4711,1,high
974,clear,70.6873,0,medium
1019,clear,64.2259,0,medium
906,fog,46.7517,0,medium
429,rain,73.2231,0,low
614,clear,84.2593,0,medium
1793,clear,51.8317,0,high
643,clear,79.3192,0,medium
1260,rain,49.3056,0,medium
660,fog,56.6765,0,medium
185,fog,73.5079,0,low
496,fog,52.1142,0,low
944,clear,71.0335,0,medium
1877,clear,43.444,0,high
221,clear,88.9058,0,low
645,clear,84.8224,0,medium
1774,clear,46.3551,0,high
828,clear,81.8327,0,medium
1818,snow,14.9829,0,high
961,clear,67.5907,0,medium
1576,clear,57.074,0,high
1471,clear,55.8994,0,high
1269,fog,29.8967,0,medium
309,rain,70.9345,0,low
1861,rain,35.3967,0,high
1430,clear,56.1909,0,high
1575,fog,30.5222,0,high
1314,clear,65.3134,0,medium
675,fog,50.2212,0,medium
1536,clear,50.7058,0,high
1275,clear,56.9936,0,medium
418,clear,81.0224,0,low
316,clear,83.8403,0,low
253,clear,88.3458,0,low
1350,clear,58.6676,0,medium
1332,clear,69.5333,0,medium
1070,rain,47.4762,0,medium
902,clear,67.8386,0,medium
1105,rain,53.8641,0,medium
449,snow,54.5965,1,low
1656,clear,49.8768,0,high
1286,fog,33.541,0,medium
1275,clear,55.1493,0,medium
1811,fog,25.497,0,high
451,clear,83.6902,0,low
1834,clear,42.1778,0,high
858,clear,68.6921,0,medium
1353,fog,32.7944,0,medium
1428,clear,60.6849,0,high
862,clear,69.1182,0,medium
1780,rain,37.4687,1,high
408,clear,78.4343,0,low
613,rain,63.9335,0,medium
412,rain,71.5405,0,low
549,clear,79.027,0,low
614,snow,50.5551,0,medium
929,clear,76.6141,0,medium
1933,clear,38.3253,0,high
1587,rain,37.4237,0,high
315,clear,91.0729,1,low
180,clear,96.5219,0,low
537,clear,83.8581,0,low
1027,clear,63.9939,0,medium
1584,rain,40.1469,0,high
729,clear,75.2948,0,medium
950,clear,74.9977,0,medium
1938,rain,22.893,0,high
667,fog,54.0025,0,medium
488,clear,88.078,1,low
549,clear,90.1544,0,low
1987,fog,16.4999,0,high
858,clear,75.4467,0,medium
744,clear,69.5543,0,medium
1673,snow,25.3982,1,high
954,clear,69.1849,0,medium
1510,fog,31.455,0,high
1257,clear,58.5518,0,medium
412,clear,95.8635,0,low
1446,clear,56.6554,0,high
1968,clear,39.1404,0,high
115,fog,68.6913,0,low
1292,clear,59.0013,0,medium
339,clear,93.8631,0,low
930,rain,67.4301,0,medium
789,clear,75.995,0,medium
1035,clear,68.2438,0,medium
490,rain,69.1606,0,low
1244,clear,61.7099,0,medium
1845,clear,41.408,0,high
1619,clear,50.4835,0,high
1138,rain,49.8251,0,medium
101,clear,98.0631,0,low
746,clear,82.7488,0,medium
129,clear,100.5371,0,low
1609,clear,46.9633,0,high
434,rain,75.3533,0,low
574,clear,76.4783,0,low
431,clear,88.1678,0,low
655,fog,44.8782,0,medium
1008,clear,65.078,0,medium
1977,fog,12.4012,0,high
270,clear,90.345,0,low
1362,clear,67.7552,0,medium
1160,rain,45.6093,0,medium
158,rain,80.4587,0,low
169,clear,91.3624,0,low
1790,clear,44.3815,0,high
220,clear,90.4952,0,low
1593,clear,48.4638,0,high
412,clear,83.9998,0,low
1435,clear,53.4499,0,high
1136,clear,64.5725,0,medium
1204,clear,70.3356,0,medium
1335,rain,43.6623,0,medium
1432,rain,35.7638,0,high
717,rain,74.3873,0,medium
1675,rain,34.9621,0,high
579,clear,76.7002,0,low
1791,rain,31.9467,0,high
773,clear,77.6307,0,medium
458,snow,62.1012,1,low
946,clear,68.1073,0,medium
206,clear,83.9225,0,low
522,clear,86.2493,1,low
1895,clear,47.7241,0,high
1600,clear,52.6209,0,high
1411,clear,56.793,0,high
1764,snow,11.1945,0,high
302,clear,96.9,1,low
587,clear,84.1534,0,low
1463,clear,53.5741,0,high
1970,fog,25.3639,0,high
1169,clear,64.9725,0,medium
566,rain,66.9198,0,low
1372,rain,46.3464,0,medium
961,clear,67.5339,0,medium
823,clear,73.0166,0,medium
659,rain,66.7272,0,medium
1099,rain,57.7573,1,medium
1420,clear,61.8289,0,high
417,fog,61.9825,0,low
155,fog,69.9752,0,low
216,rain,73.5083,0,low
1479,clear,59.3325,0,high
1915,clear,38.0094,0,high
1040,rain,55.2966,0,medium
357,clear,86.316,0,low
624,clear,88.2936,0,medium
1020,clear,65.1789,0,medium
449,snow,54.4681,0,low
1216,fog,36.3804,0,medium
1869,clear,40.9508,0,high
952,clear,68.2172,0,medium
1269,clear,58.0098,0,medium
1515,clear,62.9463,0,high
755,clear,78.0057,0,medium
161,clear,90.7708,0,low
225,clear,89.6322,0,low
1937,fog,10.0,0,high
1461,clear,55.2171,0,high
1120,rain,47.349,0,medium
1419,rain,44.3252,0,high
324,clear,81.7808,0,low
1014,clear,70.4596,0,medium
102,clear,89.884,0,low
821,fog,54.3559,0,medium
598,clear,78.3388,0,low
1234,rain,40.5118,0,medium
1002,rain,57.7655,0,medium
1667,clear,52.699,0,high
1161,clear,71.5546,0,medium
950,rain,57.7776,0,medium
315,clear,89.5555,0,low
1952,clear,37.7604,0,high
1611,clear,53.1033,0,high
1590,clear,42.3266,0,high
1398,rain,40.5811,0,medium
888,fog,46.3056,0,medium
1681,clear,48.6754,0,high
1190,clear,69.7083,0,medium
1322,clear,66.466,0,medium
1537,clear,53.3596,0,high
549,clear,75.4841,0,low
194,fog,76.4644,0,low
275,rain,73.1914,0,low
983,fog,39.9847,0,medium
1453,clear,53.9675,0,high
791,rain,59.7556,0,medium
1242,clear,60.5125,0,medium
670,fog,46.5822,0,medium
1230,rain,48.4379,0,medium
558,clear,84.5779,0,low
1381,rain,37.0435,0,medium
237,clear,94.0722,0,low
244,clear,97.7605,0,low
1450,clear,59.6799,0,high
1457,rain,45.3446,0,high
609,clear,84.2284,0,medium
1578,clear,46.4526,0,high
543,clear,77.2965,0,low
795,clear,72.1451,0,medium
1865,clear,47.4127,0,high
1846,rain,27.0438,0,high
1426,clear,61.3618,0,high
1425,clear,59.0021,0,high
1206,clear,66.2475,0,medium
1892,rain,20.826,0,high
241,clear,98.2246,0,low
1759,clear,48.9151,0,high
163,clear,91.8139,0,low
1038,clear,63.272,0,medium
1749,snow,10.097,0,high
1946,clear,44.3896,0,high
516,snow,46.2154,0,low
1307,rain,43.1723,1,medium
282,fog,60.1769,0,low
1553,snow,21.506,0,high
435,clear,83.2404,0,low
501,fog,67.975,0,low
1621,fog,22.2219,0,high
407,fog,56.0401,1,low
1037,clear,65.5797,0,medium
108,snow,60.9542,1,low
1091,rain,47.4465,0,medium
731,clear,69.5714,0,medium
587,clear,84.6504,0,low
1404,clear,55.6328,0,high
258,clear,91.9919,0,low
566,fog,65.0261,0,low
360,clear,90.0202,0,low
1889,clear,38.8062,0,high
645,clear,84.2941,0,medium
1461,rain,40.8324,0,high
799,rain,65.632,0,medium
1571,clear,50.4747,0,high
1890,rain,26.9129,0,high
445,clear,92.7438,0,low
832,clear,74.8171,0,medium
302,clear,98.6674,0,low
940,clear,72.2419,0,medium
1988,clear,35.2084,0,high
1025,clear,73.8633,0,medium
1474,rain,36.643,0,high
282,rain,80.3155,0,low
851,clear,76.4124,0,medium
618,clear,86.421,0,medium
608,rain,65.8366,0,medium
663,clear,82.9121,0,medium
1980,clear,32.9564,0,high
1306,clear,62.59,0,medium
616,rain,63.15,0,medium
1118,clear,69.444,0,medium
186,fog,63.2275,0,low
1362,rain,38.2742,0,medium
1228,clear,59.2612,0,medium
1075,clear,69.0416,0,medium
889,clear,72.0825,0,medium
1758,rain,32.4777,0,high
1228,clear,64.8842,0,medium
746,rain,62.3825,0,medium
775,clear,76.3622,0,medium
1932,fog,19.4652,0,high
684,clear,80.3527,0,medium
759,clear,76.1253,0,medium
318,clear,97.4657,0,low
1823,clear,50.68,0,high
1329,clear,62.3664,0,medium
1220,clear,60.6799,0,medium
1312,clear,63.5238,0,medium
1679,rain,35.3931,0,high
728,clear,82.662,0,medium
306,clear,102.2399,0,low
630,clear,83.7257,0,medium
589,clear,87.649,0,low
162,fog,72.6921,0,low
678,rain,58.8548,0,medium
950,clear,68.8808,0,medium
1798,clear,41.6171,0,high
1385,rain,45.7962,0,medium
504,clear,86.0742,0,low
1948,fog,23.7317,0,high
1929,fog,23.7244,0,high
438,clear,78.3875,0,low
1970,clear,41.8408,0,high
1010,rain,50.899,0,medium
1951,clear,50.9404,0,high
222,rain,74.5836,0,low
554,clear,75.5753,0,low
935,fog,45.4686,0,medium
320,clear,92.1501,0,low
1308,rain,39.7067,0,medium
135,clear,97.6578,0,low
1795,clear,49.9327,0,high
793,fog,57.7241,0,medium
1000,rain,57.4579,0,medium
941,clear,73.3975,0,medium
1302,clear,63.9914,0,medium
1941,snow,10.0,1,high
1944,clear,47.6698,0,high
1035,clear,69.3002,0,medium
508,clear,90.9651,0,low
1716,clear,44.1217,0,high
1330,clear,69.685,0,medium
338,clear,88.9432,0,low
475,clear,91.2196,0,low
605,clear,86.0208,0,medium
1977,clear,47.5639,0,high
606,clear,80.9341,0,medium
180,rain,89.7339,0,low
1058,rain,51.7649,0,medium
1519,clear,57.145,0,high
1760,clear,47.8235,0,high
1085,rain,43.0436,0,medium
461,clear,86.2347,0,low
1510,clear,58.7744,0,high
752,rain,69.4763,0,medium
1546,fog,26.5156,0,high
1706,clear,49.2259,0,high
1357,snow,20.2366,0,medium
1257,rain,45.0068,0,medium
483,snow,49.6856,0,low
1704,clear,56.7139,0,high
1370,clear,64.8093,0,medium
530,clear,77.4946,0,low
162,clear,98.2749,0,low
100,clear,96.6632,0,low
1109,clear,64.8264,0,medium
1298,clear,68.039,0,medium
157,clear,98.0397,0,low
1374,clear,59.4046,0,medium
1748,rain,29.6008,0,high
967,rain,62.2635,0,medium
1785,clear,44.2769,0,high
1343,rain,45.3418,0,medium
575,clear,85.1331,0,low
1196,clear,65.7974,0,medium
739,rain,70.1877,0,medium
839,fog,46.4809,0,medium
1346,clear,55.0055,0,medium
613,clear,85.344,0,medium
1674,fog,21.2904,0,high
1904,clear,44.9545,0,high
1319,clear,62.3848,0,medium
1293,fog,40.2094,0,medium
963,clear,67.3753,0,medium
596,fog,55.8287,1,low
251,clear,92.9753,0,low
842,rain,57.1457,0,medium
1000,clear,65.1449,0,medium
1858,clear,43.0026,0,high
1312,snow,32.1475,0,medium
1103,clear,68.3406,0,medium
177,snow,65.1164,1,low
1416,fog,26.3579,1,high
1736,rain,39.8485,0,high
1217,clear,66.1922,0,medium
503,clear,79.2411,0,low
1518,clear,57.5931,0,high
1478,clear,46.4917,0,high
1131,clear,60.2072,0,medium
942,clear,71.9229,0,medium
1379,rain,41.2075,0,medium
1422,rain,41.2037,0,high
770,clear,72.024,0,medium
406,clear,89.2462,0,low
956,fog,39.9911,0,medium
1357,clear,58.4312,0,medium
1782,clear,47.9416,0,high
458,clear,73.629,0,low
1161,clear,69.8903,0,medium
1288,snow,26.3269,0,medium
957,clear,76.8878,0,medium
1703,clear,45.6658,0,high
1260,clear,58.6657,0,medium
1252,clear,59.9243,0,medium
290,clear,99.3604,0,low
676,rain,63.7914,0,medium
679,clear,89.2749,0,medium
1803,clear,56.7633,0,high
613,fog,60.2943,0,medium
260,clear,98.8981,0,low
298,rain,82.6453,1,low
893,clear,68.2373,0,medium
1854,rain,27.8128,0,high
849,clear,75.0396,0,medium
493,rain,70.0741,1,low
923,snow,37.5452,0,medium
686,rain,59.2647,0,medium
986,fog,48.9122,0,medium
455,snow,43.1989,0,low
1278,clear,58.0541,0,medium
266,clear,89.6229,0,low
154,clear,90.4198,0,low
380,clear,93.3614,0,low
1116,clear,68.4397,0,medium
257,clear,95.8623,0,low
1147,fog,36.0906,0,medium
1535,clear,51.9703,0,high
1135,clear,62.9167,0,medium
1671,fog,30.3427,0,high
1595,rain,38.383,0,high
474,clear,94.3529,0,low
1227,clear,72.7974,0,medium
1626,clear,62.6806,0,high
854,clear,78.2642,0,medium
488,clear,79.0206,0,low
1101,snow,29.6744,0,medium
944,fog,43.3602,0,medium
1588,clear,52.1639,0,high
861,clear,71.6656,0,medium
1496,clear,43.7409,0,high
1696,rain,34.012,0,high
645,clear,79.1699,0,medium
1154,rain,60.0899,0,medium
750,rain,58.1378,0,medium
1541,clear,51.8727,0,high
1689,fog,26.7372,0,high
1831,rain,36.9086,0,high
1758,rain,26.4876,0,high
557,fog,60.7253,0,low
1763,clear,44.0684,0,high
953,clear,60.8589,0,medium
575,fog,57.8864,0,low
1108,clear,68.3668,0,medium
435,rain,76.0385,0,low
136,clear,97.2226,0,low
809,clear,78.6251,0,medium
1664,rain,35.7247,0,high
588,clear,87.5297,0,low
226,fog,73.0962,0,low
1169,clear,63.8904,0,medium
1078,clear,61.1056,0,medium
757,rain,69.0941,0,medium
1891,clear,46.5978,0,high
772,clear,79.7542,0,medium
644,clear,80.5744,0,medium
1562,clear,58.1792,0,high
1222,rain,54.5297,0,medium
909,clear,64.9396,0,medium
355,fog,65.0397,0,low
1444,fog,26.9854,0,high
1614,clear,45.8948,0,high
552,clear,80.5552,0,low
936,clear,71.0458,0,medium
1130,clear,62.1228,0,medium
212,clear,82.2403,0,low
1904,clear,35.0415,0,high
1787,rain,47.3326,0,high
1581,clear,46.7816,0,high
866,clear,79.0483,0,medium
1286,clear,67.1776,0,medium
1239,clear,67.075,0,medium
1940,clear,46.3745,0,high
1930,clear,44.0558,0,high
696,clear,73.9961,0,medium
1368,rain,45.6268,0,medium
395,fog,61.3121,0,low
1786,clear,57.0402,0,high
455,rain,71.7325,0,low
1322,snow,17.0448,0,medium
718,clear,86.2081,0,medium
567,fog,65.4922,0,low
935,clear,81.1591,0,medium
1776,snow,11.3421,0,high
1961,clear,57.6749,0,high
170,fog,68.9992,0,low
454,clear,88.3079,0,low
1968,rain,33.4831,0,high
1425,fog,31.8672,0,high
152,fog,68.6515,0,low
1536,clear,43.674,0,high
882,clear,82.8616,0,medium
658,clear,76.8636,0,medium
271,rain,81.235,0,low
360,rain,73.098,0,low
989,clear,64.9396,0,medium
1131,fog,46.3881,1,medium
1257,fog,30.501,0,medium
1542,fog,28.1868,0,high
287,clear,93.0689,0,low
1011,clear,70.8351,0,medium
1263,clear,66.3108,0,medium
1236,rain,41.7421,0,medium
1121,clear,80.3949,0,medium
189,clear,88.1927,0,low
937,clear,72.7482,0,medium
1883,rain,38.4251,0,high
1152,snow,25.4232,0,medium
719,clear,78.9005,0,medium
417,clear,88.5782,0,low
601,rain,76.2634,0,medium
672,clear,81.589,0,medium
1468,clear,52.6723,0,high
1164,fog,36.8477,0,medium
975,rain,57.5795,0,medium
976,snow,24.6574,0,medium
821,rain,55.7668,0,medium
1602,snow,16.2571,0,high
1376,fog,36.318,0,medium
562,fog,67.3333,0,low
1441,fog,28.5797,0,high
1309,clear,57.5443,0,medium
275,clear,82.8105,0,low
491,clear,88.8631,0,low
1474,fog,32.6147,0,high
730,rain,74.1135,0,medium
253,fog,70.8938,0,low
817,rain,64.4588,0,medium
283,clear,90.0389,0,low
1520,fog,26.1851,0,high
1795,fog,24.1118,0,high
693,rain,58.0504,0,medium
1013,clear,72.4959,0,medium
1416,rain,31.163,0,high
852,clear,71.6746,0,medium
1575,clear,59.9182,0,high
1352,clear,58.3718,0,medium
113,fog,65.6027,0,low
373,clear,87.4792,0,low
998,fog,53.137,0,medium
1211,clear,53.0421,0,medium
874,fog,57.6651,0,medium
1851,clear,54.1153,0,high
1041,clear,62.4403,0,medium
1049,clear,71.8413,0,medium
1832,fog,18.7692,0,high
891,clear,76.6485,0,medium
551,clear,92.7886,0,low
403,rain,70.6653,0,low
748,snow,42.861,0,medium
458,fog,65.7645,0,low
1342,clear,59.6249,0,medium
1958,clear,37.2446,0,high
1956,fog,10.0,0,high
1264,rain,50.0921,0,medium
413,rain,74.609,0,low
266,clear,96.4959,0,low
1713,fog,30.1373,0,high
862,clear,74.9368,0,medium
1486,rain,39.6305,0,high
1215,clear,61.8298,0,medium
201,clear,95.6037,0,low
952,rain,65.2674,0,medium
667,clear,69.6243,0,medium
1084,clear,66.9462,0,medium
1108,clear,66.269,0,medium
1822,fog,16.1905,0,high
544,clear,85.5917,0,low
1876,clear,38.9072,0,high
133,clear,94.9875,0,low
1739,clear,53.1846,0,high
1461,clear,61.941,0,high
285,rain,86.1055,1,low
1932,clear,35.2175,0,high
1564,rain,34.4191,0,high
1855,clear,47.4574,0,high
666,clear,85.7788,0,medium
836,clear,78.124,0,medium
1521,clear,45.487,0,high
1420,fog,42.6609,0,high
1357,clear,52.7321,0,medium
719,fog,54.7919,0,medium
1226,fog,24.687,0,medium
569,clear,86.1815,0,low
1053,clear,70.0641,0,medium
419,rain,69.1058,0,low
614,rain,59.3684,0,medium
959,fog,48.8195,0,medium
120,clear,90.1366,0,low
602,clear,83.426,1,medium
1322,clear,61.1576,0,medium
1541,clear,50.63,0,high
1640,rain,31.0417,0,high
278,rain,74.9545,0,low
1389,clear,49.3766,0,medium
1638,clear,54.086,0,high
198,clear,89.3594,0,low
1048,clear,54.4472,0,medium
1588,rain,42.1292,0,high
850,fog,50.5739,0,medium
203,fog,64.047,0,low
720,fog,55.3651,0,medium
1616,rain,30.1759,0,high
1070,rain,45.6636,0,medium
445,clear,88.0825,0,low
1234,fog,37.2856,0,medium
324,clear,92.3123,0,low
1651,fog,26.8865,0,high
904,clear,72.6079,0,medium
500,rain,65.7035,0,low
1889,clear,47.4139,0,high
290,clear,98.9757,0,low
1940,clear,45.3791,0,high
1840,clear,52.9715,0,high
208,clear,89.4824,0,low
398,clear,80.8254,0,low
1459,clear,56.1265,0,high
950,clear,71.1314,0,medium
261,rain,81.8706,1,low
1576,snow,16.7146,0,high
265,clear,92.6454,0,low
595,clear,74.6724,0,low
550,clear,84.7827,0,low
740,fog,56.5353,0,medium
307,rain,80.1483,0,low
1556,snow,22.7404,0,high
1607,fog,23.8883,1,high
312,clear,97.6387,0,low
468,fog,55.2403,0,low
1159,rain,52.1601,0,medium
1657,clear,51.6559,0,high
1580,clear,49.2741,0,high
544,clear,81.2023,0,low
534,rain,68.1505,0,low
1853,clear,53.3033,0,high
686,rain,62.1433,0,medium
1871,rain,23.7069,0,high
1862,fog,12.1268,0,high
1692,clear,44.5113,0,high
1891,clear,41.0907,0,high
1584,fog,25.3938,0,high
1523,clear,50.7523,0,high
574,clear,78.1293,0,low
355,clear,93.6024,0,low
1936,rain,24.9536,0,high
1180,fog,31.8769,0,medium
314,fog,57.78,0,low
1937,clear,38.84,0,high
1711,clear,48.6152,0,high
1753,clear,48.0437,0,high
1963,clear,39.854,0,high
709,clear,78.1182,0,medium
759,clear,66.7839,0,medium
1459,rain,48.9592,0,high
1245,clear,68.0189,0,medium
1712,clear,53.1669,0,high
1448,rain,37.5897,0,high
1243,fog,35.5253,0,medium
236,clear,98.8279,0,low
1616,clear,46.9356,0,high
1321,rain,50.892,0,medium
1190,snow,27.9125,0,medium
1132,clear,65.2519,0,medium
1627,snow,15.0339,0,high
1429,clear,50.0218,0,high
536,clear,82.3832,0,low
1901,rain,29.2808,0,high
1235,snow,30.2261,0,medium
1286,clear,64.8067,0,medium
919,clear,72.5567,0,medium
1848,clear,37.9173,0,high
1124,clear,58.3242,0,medium
1385,clear,57.0327,0,medium
1995,clear,37.5629,0,high
1565,rain,38.5953,0,high
1115,clear,63.1897,0,medium
1902,clear,44.632,0,high
1151,clear,66.9242,0,medium
1734,rain,28.1776,0,high
1658,fog,30.0129,0,high
1255,clear,63.7064,0,medium
1707,clear,54.7347,0,high
1802,fog,17.0969,0,high
466,clear,87.7453,0,low
865,fog,45.3229,0,medium
1079,clear,64.8537,0,medium
627,rain,60.7061,0,medium
1739,snow,10.0,0,high
785,clear,77.268,0,medium
1685,fog,17.6313,0,high
1789,clear,49.9741,0,high
892,clear,77.7465,0,medium
851,fog,51.2597,0,medium
885,clear,78.0445,0,medium
1598,fog,30.185,0,high
639,fog,50.9258,0,medium
1968,rain,21.1069,0,high
512,fog,60.3669,0,low
1675,fog,26.0551,1,high
1252,snow,41.5268,0,medium
330,clear,93.1619,0,low
1792,clear,36.9457,0,high
1142,clear,72.2977,0,medium
401,clear,93.0413,0,low
109,clear,104.2923,1,low
1871,fog,25.3569,1,high
348,clear,87.8844,1,low
773,clear,74.5439,0,medium
139,clear,87.2668,0,low
1118,clear,65.6076,0,medium
826,rain,53.0699,0,medium
220,clear,90.8617,0,low
764,rain,65.5267,0,medium
1695,rain,30.0781,0,high
1565,clear,50.3347,0,high
585,clear,73.7606,0,low
1879,clear,42.283,0,high
1474,fog,37.7793,0,high
1171,rain,47.1234,0,medium
1587,clear,47.4892,0,high
189,clear,88.9122,0,low
1628,rain,33.2354,0,high
896,clear,78.0073,0,medium
844,clear,72.2311,0,medium
473,clear,85.8997,0,low
121,rain,78.1175,0,low
517,fog,60.544,1,low
222,clear,88.7282,0,low
1400,fog,28.1007,0,medium
1888,clear,55.5193,0,high
420,clear,94.5177,0,low
1230,rain,54.6542,0,medium
880,rain,57.109,0,medium
1348,clear,57.4951,0,medium
620,rain,68.79,0,medium
981,rain,41.3367,0,medium
953,clear,80.9332,0,medium
471,clear,79.4687,0,low
487,clear,89.6272,0,low
610,clear,77.4795,0,medium
948,rain,48.2313,0,medium
571,rain,60.6876,0,low
1803,clear,49.3268,0,high
599,rain,66.8211,0,low
1880,clear,30.9837,0,high
1726,clear,47.5233,0,high
1034,clear,60.8575,0,medium
404,snow,50.4198,0,low
311,clear,93.8048,0,low
1566,rain,35.3552,0,high
1533,clear,53.36,0,high
435,clear,85.2196,0,low
869,fog,47.8216,0,medium
201,clear,94.6813,0,low
1834,fog,22.545,0,high
1119,rain,43.1797,0,medium
999,fog,41.9656,0,medium
384,clear,97.0755,0,low
153,clear,96.9675,0,low
451,clear,85.6282,0,low
960,rain,60.9523,0,medium
681,rain,60.9744,0,medium
1461,snow,13.7629,0,high
336,clear,95.7039,0,low
1112,clear,60.4879,0,medium
505,clear,88.3801,0,low
1885,clear,36.5596,0,high
1206,clear,62.4044,0,medium
938,rain,59.9446,0,medium
928,clear,70.2351,0,medium
1687,clear,47.1424,0,high
1574,rain,49.4986,0,high
1562,clear,53.3259,0,high
909,clear,71.0378,0,medium
1367,clear,60.1841,0,medium
1947,clear,51.1547,0,high
1765,rain,38.4397,0,high
1580,rain,35.3738,0,high
1574,clear,59.9055,0,high
1457,clear,57.4244,0,high
854,clear,78.8775,0,medium
897,snow,30.1406,0,medium
119,clear,91.3906,0,low
676,rain,69.3342,0,medium
1936,rain,17.8392,0,high
1917,snow,10.0,0,high
1270,rain,44.067,0,medium
1987,snow,10.0,0,high
751,clear,77.8385,0,medium
532,clear,81.1627,0,low
925,rain,53.0574,0,medium
534,fog,57.7995,0,low
1344,clear,65.0248,0,medium
680,rain,64.2301,0,medium
1504,rain,44.117,1,high
1822,rain,36.1018,0,high
1136,clear,64.8973,0,medium
147,clear,89.4074,0,low
573,clear,78.5809,0,low
814,clear,73.8452,0,medium
880,clear,80.299,0,medium
871,rain,59.387,0,medium
322,clear,90.2422,0,low
722,clear,84.0089,0,medium
938,clear,66.5994,0,medium
961,rain,48.4702,0,medium
787,clear,84.7517,0,medium
1628,clear,48.8549,0,high
1752,fog,12.1738,0,high
1992,clear,39.5188,0,high
737,clear,84.3978,0,medium
1679,rain,31.8582,0,high
1363,rain,45.7124,0,medium
336,clear,90.266,0,low
1430,fog,30.2499,0,high
393,clear,91.385,0,low
923,fog,54.3645,0,medium
1440,clear,57.3957,0,high
1390,rain,45.8616,0,medium
1531,fog,21.3088,0,high
1015,fog,45.3331,0,medium
1678,fog,23.2639,0,high
1191,clear,60.6369,0,medium
1613,rain,39.63,0,high
1585,clear,44.3055,0,high
948,clear,68.423,0,medium
910,fog,49.8441,0,medium
766,clear,76.6377,0,medium
1825,fog,27.1069,1,high
460,fog,55.9651,0,low
1940,clear,46.4381,0,high
993,rain,57.4302,0,medium
225,fog,69.1075,0,low
1121,fog,38.3046,1,medium
888,rain,56.4289,0,medium
1956,clear,49.7322,0,high
1047,rain,53.721,0,medium
1146,clear,70.4878,0,medium
1148,rain,54.4437,0,medium
846,clear,80.9587,0,medium
1514,rain,30.3025,0,high
814,clear,73.5912,0,medium
1137,fog,40.8529,1,medium
786,clear,80.4916,0,medium
1317,rain,52.0145,0,medium
440,clear,81.9241,0,low
1486,snow,15.9261,0,high
889,clear,75.8164,0,medium
1923,rain,29.8273,0,high
1838,fog,22.2927,0,high
1312,snow,31.3093,0,medium
1654,clear,47.2038,0,high
139,clear,98.3517,0,low
1658,rain,33.3254,0,high
1195,fog,31.2612,0,medium
1885,clear,50.0221,0,high
1739,fog,25.5588,0,high
1116,clear,67.5802,0,medium
110,clear,92.3368,0,low
955,clear,64.4543,0,medium
1953,clear,40.9333,0,high
803,clear,72.8196,0,medium
1419,clear,53.9515,0,high
1919,snow,10.0,1,high
735,rain,51.5814,0,medium
832,clear,72.7594,0,medium
134,clear,97.0978,0,low
1974,clear,40.9967,0,high
1136,clear,70.0256,0,medium
514,rain,72.0947,0,low
417,rain,70.7909,0,low
1737,rain,41.6043,1,high
726,rain,58.0049,0,medium
421,clear,89.0597,0,low
1810,clear,35.1671,0,high
653,rain,69.2608,0,medium
1907,clear,45.3825,0,high
1313,clear,60.8915,0,medium
1183,rain,52.5885,0,medium
587,clear,86.7757,0,low
922,rain,57.182,0,medium
1752,clear,49.3459,0,high
1116,clear,64.6838,0,medium
926,clear,72.7757,0,medium
431,clear,94.821,0,low
101,clear,98.6884,0,low
1392,clear,55.8224,0,medium
480,fog,59.5556,0,low
235,clear,93.3171,0,low
1912,clear,33.2818,0,high
1353,fog,29.095,0,medium
759,fog,57.1193,0,medium
1452,clear,55.6921,0,high
499,clear,89.5676,0,low
1336,clear,61.0939,0,medium
743,rain,59.242,0,medium
1560,clear,60.0689,0,high
1100,clear,66.4516,0,medium
1964,rain,29.4152,0,high
1084,rain,47.1971,0,medium
1383,rain,46.1579,0,medium
615,snow,43.1453,0,medium
986,clear,68.9053,0,medium
1542,clear,58.3886,0,high
882,rain,59.445,0,medium
1316,clear,69.7015,0,medium
643,clear,80.4374,0,medium
693,fog,53.6846,0,medium
514,fog,66.94,0,low
1179,clear,60.7305,0,medium
392,clear,86.2676,0,low
681,clear,87.3917,0,medium
1924,rain,23.8012,0,high
890,clear,75.7392,0,medium
1521,clear,57.9516,0,high
933,clear,73.7357,0,medium
948,clear,63.462,0,medium
292,clear,84.9263,0,low
301,clear,84.2294,0,low
1200,clear,60.1339,0,medium
487,clear,87.0239,0,low
1524,rain,41.6503,0,high
1503,clear,52.4423,0,high
209,rain,70.0985,0,low
1644,rain,38.453,0,high
171,clear,83.9798,0,low
1973,clear,39.6552,0,high
1172,rain,46.108,0,medium
176,rain,81.6667,1,low
1999,clear,44.9299,0,high
1303,fog,33.5274,0,medium
1618,rain,39.7137,0,high
1484,rain,40.2652,0,high
481,clear,80.5375,0,low
1492,snow,22.4287,0,high
1732,fog,21.8353,0,high
865,fog,47.3797,0,medium
1808,clear,51.3792,0,high
1505,fog,23.9416,0,high
1145,rain,50.9513,0,medium
716,clear,80.7337,0,medium
1526,clear,49.3822,0,high
1723,rain,28.408,0,high
553,rain,71.2255,0,low
1394,clear,60.2195,0,medium
1643,clear,47.8174,0,high
940,clear,69.8531,0,medium
544,clear,94.5349,0,low
1742,clear,42.6609,0,high
1256,clear,65.3633,0,medium
579,fog,55.0231,0,low
1491,clear,45.2184,0,high
1328,clear,60.0419,0,medium
212,rain,72.6917,0,low
1290,clear,56.7341,0,medium
1095,clear,50.1399,0,medium
591,clear,85.7856,0,low
122,clear,91.8001,0,low
1426,clear,58.5462,0,high
998,clear,72.8114,0,medium
109,fog,74.7164,0,low
1318,fog,34.8538,0,medium
1618,clear,48.6786,0,high
479,fog,55.4436,0,low
1914,clear,37.9211,0,high
1429,clear,64.3018,0,high
678,clear,72.8883,0,medium
653,rain,70.3879,0,medium
576,clear,85.6172,0,low
1808,clear,51.1296,0,high
1181,clear,65.4958,0,medium
1197,rain,53.0473,0,medium
153,clear,97.5881,0,low
762,clear,78.9781,0,medium
1025,clear,67.3654,0,medium
972,clear,71.6314,0,medium
225,rain,80.5305,0,low
1326,rain,46.9856,0,medium
1519,clear,63.4478,0,high
548,clear,87.7228,0,low
556,clear,83.1246,0,low
1191,clear,58.4019,0,medium
134,clear,100.6774,0,low
926,clear,81.1843,0,medium
109,rain,82.1661,0,low
851,clear,77.847,0,medium
1297,clear,65.7076,0,medium
389,rain,74.7888,0,low
1799,clear,40.0308,0,high
1105,clear,61.2754,0,medium
886,clear,74.9305,0,medium
1517,rain,35.492,0,high
679,fog,55.6395,0,medium
280,clear,90.2387,0,low
545,clear,86.098,0,low
1352,clear,62.6853,0,medium
1613,clear,58.8751,0,high
311,clear,91.1894,0,low
1771,clear,56.1969,0,high
1895,clear,47.8049,0,high
1135,clear,62.475,0,medium
1573,snow,23.6301,1,high
256,clear,104.4787,0,low
1262,clear,61.9058,0,medium
635,clear,84.17,0,medium
571,rain,71.8095,0,low
669,clear,85.3639,0,medium
1138,fog,39.9669,0,medium
1645,clear,49.1606,0,high
644,clear,78.7207,0,medium
1634,clear,51.0289,0,high
1351,clear,61.1957,0,medium
695,clear,78.254,0,medium
1891,clear,37.744,0,high
1622,fog,20.8788,0,high
457,clear,88.8379,0,low
314,snow,58.8282,1,low
1478,rain,38.4985,0,high
1487,fog,27.8665,0,high
492,clear,85.4236,0,low
1128,clear,60.4223,0,medium
1128,fog,38.6098,0,medium
1308,rain,49.093,0,medium
1892,fog,27.7014,0,high
1611,clear,59.7238,0,high
115,clear,95.2615,0,low
1756,clear,57.0701,0,high
976,clear,70.1988,0,medium
266,clear,88.6923,0,low
453,rain,71.8006,0,low
1284,fog,36.5249,0,medium
1456,fog,28.4224,0,high
681,clear,76.2178,0,medium
1066,rain,60.6171,0,medium
1283,clear,64.3031,0,medium
849,rain,64.7552,0,medium
1951,rain,31.5215,0,high
1174,clear,65.6833,0,medium
1577,fog,22.5954,0,high
1181,clear,60.3215,0,medium
1273,fog,38.4582,0,medium
914,clear,64.9485,0,medium
1291,rain,52.3484,0,medium
1484,clear,55.2814,0,high
1817,snow,12.1565,0,high
117,fog,64.6093,0,low
1091,clear,62.5254,0,medium
842,clear,78.2194,0,medium
1563,clear,53.3166,0,high
1415,fog,35.2568,0,high
1638,clear,48.6215,0,high
193,rain,70.0303,0,low
867,clear,76.5113,0,medium
174,rain,75.196,1,low
806,snow,41.1395,0,medium
1291,clear,58.0492,0,medium
1677,clear,54.3379,0,high
824,clear,77.5502,0,medium
241,clear,90.2688,0,low
1670,clear,48.257,0,high
1853,clear,47.6858,0,high
512,rain,68.7942,0,low
1167,rain,46.9707,0,medium
1256,fog,32.2754,0,medium
1089,snow,35.8481,0,medium
715,clear,72.8373,0,medium
476,clear,81.1996,0,low
1281,clear,54.6881,0,medium
1252,rain,43.7693,0,medium
885,rain,62.8607,0,medium
1759,clear,47.6221,0,high
1320,fog,45.0881,0,medium
705,clear,83.5292,0,medium
